bearing2,year_t,spread_rate,snow_depth,tmin,tmean,ppt
284.25,1997,69.939003,12329.35,-6.471098975,17.38628987,257.5116516
284.5,1997,68.7949982,12341.57143,-6.460665705,17.37678073,257.0225728
289.25,1997,53.68653404,14004.2093,-6.488008386,16.91892789,232.2672329
289.5,1997,55.02082443,13938.03922,-6.522137865,16.90363331,230.6151177
290.25,1997,57.70552482,13974.66102,-6.587136617,16.94559657,230.7067121
291.25,1997,47.2739983,13342.71429,-6.447108575,16.72368936,221.0048218
291.5,1997,45.11299895,13203.625,-6.422154175,16.66055839,219.3452091
292.25,1997,37.44605814,13177.21569,-6.434249808,16.62979018,218.5696677
299.25,1997,8.5709801,16774.15,-7.04363354,16.51102991,214.2385002
299.5,1997,12.51885136,17689.10638,-7.140468577,16.51697012,211.9367448
300.25,1997,11.742465,18015,-7.143504484,16.51435807,209.8583253
289.25,1998,1.12198,7814.521739,-9.949503857,17.47778254,244.5189116
289.5,1998,0.666283471,8370.980392,-10.0043282,17.44241371,243.1229793
290.25,1998,-1.980819481,9197.074074,-10.01195295,17.38102973,241.2733881
290.5,1998,-6.561754757,10429.94118,-9.931521959,17.25103737,238.7990187
291.25,1998,-3.162844102,11179.28302,-9.919624889,17.18921701,237.8966776
291.5,1998,3.285283657,12060.01639,-9.996534225,17.1532984,237.6100639
292.25,1998,4.89885281,12646.15873,-10.06224902,17.13448573,237.670649
292.5,1998,5.768667605,13698.9322,-10.07900202,17.05296781,238.7779135
293.25,1998,3.052,14362.44,-10.04196038,16.95640403,239.4509985
299.25,1998,6.34861069,14890.65517,-11.00969136,16.79863615,235.6381223
299.5,1998,3.33499,13896.31481,-11.05469993,16.76909624,231.6555198
300.25,1998,3.03198,13585.48148,-11.05251842,16.75978138,230.8061122
284.25,1999,35.06578675,6030.047619,-10.15286856,17.67530005,273.9860229
284.5,1999,35.25640356,6042.846154,-10.23522268,17.64891166,274.4976912
285.25,1999,29.42940872,5455.020408,-10.25447861,17.70305512,277.7685696
285.5,1999,24.22137191,4873.488372,-10.32262374,17.72693008,281.4628793
286.25,1999,23.41954211,4822.4375,-10.4228242,17.69391863,282.2394753
286.5,1999,20.34136392,4674.818182,-10.5227455,17.66584314,284.065997
287.25,1999,20.53716107,4924.178571,-10.66531076,17.62401608,283.7026046
287.5,1999,20.73098451,5237.953846,-10.80397848,17.58313079,282.5774583
288.25,1999,18.36035477,5369.096774,-10.8903,17.55124197,282.925352
288.5,1999,13.86925026,5715.785714,-10.98251602,17.52123397,282.7659983
289.25,1999,10.34558575,6180.080645,-11.07151609,17.48699853,280.9221595
289.5,1999,5.264899576,6844.079365,-11.13816663,17.46290646,278.8090791
290.25,1999,4.527195867,7323.952381,-11.14327454,17.4370541,277.0928422
290.5,1999,8.297934288,8072.954545,-11.19743327,17.41144408,273.6714251
291.25,1999,9.821810697,8656.149254,-11.26363429,17.40051807,271.0092851
291.5,1999,14.22499465,8977.893939,-11.57365755,17.35244098,267.5486524
292.25,1999,19.96823509,9268.044118,-11.99355587,17.25364403,264.5075886
292.5,1999,23.37649207,9638.815385,-12.14285076,17.2218922,264.6898771
293.25,1999,26.2619991,9997.03125,-12.2322062,17.20355923,265.129375
298.25,1999,7.099511005,14112.26316,-11.96191757,17.00132982,273.1270008
298.5,1999,9.02300475,13885.20313,-12.40181409,16.99832347,278.3605952
299.25,1999,10.15551045,13775.18182,-12.60623634,16.95528484,282.978972
299.5,1999,6.164014924,13438.32759,-12.52119311,16.93173105,283.5604843
300.25,1999,3.502629362,12879.46809,-12.15832552,16.9073978,279.0323188
300.5,1999,5.477764706,12361.97059,-12.04732351,16.86138819,277.9042062
301.25,1999,6.955779847,12150.63333,-12.07055664,16.85192329,278.3029338
301.5,1999,5.962217591,12024.17391,-12.18357825,16.83839124,279.2103019
302.25,1999,5.222369288,11745.5,-12.16916247,16.80784366,278.2350578
302.5,1999,6.4180002,11690.57143,-12.1894714,16.79521421,278.5837097
284.25,2000,2.322158112,5333.836735,-12.98466731,16.96228176,317.795838
284.5,2000,-2.061192889,5253.333333,-12.95314664,16.97166896,314.5198446
285.25,2000,2.069025115,5321.188679,-12.99656979,16.95302268,313.9302069
285.5,2000,4.24649,5380.307692,-13.02035192,16.94004235,312.1903464
286.25,2000,1.480825377,5509.056604,-13.06956983,16.90522834,313.7070952
286.5,2000,-1.227995,5712.166667,-13.12720003,16.84836192,318.7233814
287.25,2000,-3.609035557,5904.77551,-13.20973674,16.80485106,323.7893677
287.5,2000,-3.818942147,6034.140351,-13.26112633,16.77789306,327.3435439
288.25,2000,-1.270032632,6258.033333,-13.34373165,16.73103014,333.5871506
288.5,2000,2.10780967,6469.704918,-13.40945247,16.69419029,338.6891324
289.25,2000,6.9570098,6763.967742,-13.58626614,16.65556461,339.4006623
289.5,2000,19.947556,7325.968254,-13.88849357,16.6252732,341.7483826
290.25,2000,22.12860617,7671.590909,-14.03898329,16.56435169,344.3951208
290.5,2000,21.38547757,7884.328358,-14.11704175,16.51560906,343.9264768
291.25,2000,20.63549995,8162.136364,-14.21816513,16.47061972,344.2381347
291.5,2000,13.06232876,8350.014493,-14.24869559,16.42968549,342.0278541
292.25,2000,4.8340149,8529.806452,-14.2583548,16.3921483,339.9208699
292.5,2000,12.59183024,9020.338462,-14.50289074,16.3425092,343.2375225
293.25,2000,23.600179,9716.865672,-14.86736273,16.16626415,345.5172543
293.5,2000,26.62131397,10070.31343,-14.93301651,16.08704179,342.941046
294.25,2000,40.98907695,10590.84375,-15.39047356,15.68856249,344.468689
294.5,2000,53.06949995,11307.22059,-15.83232069,15.28271027,346.6132072
295.25,2000,48.39495194,11597.38095,-15.62804295,15.40770792,343.6316209
295.5,2000,49.32549926,11797.72222,-15.60457604,15.40614815,342.909039
296.25,2000,65.57576259,11943.30435,-15.65478053,15.34943479,343.6366332
296.5,2000,72.1230011,12112.52941,-15.65655893,15.32659413,344.1197079
283.25,2001,14.0010004,15535.27273,-6.867560477,17.78573183,305.6556813
283.5,2001,13.61657125,15472.06122,-6.902135943,17.77556738,306.1949587
284.25,2001,76.44222049,16502.88235,-8.102857678,17.07748546,306.4037695
284.5,2001,78.97283354,16171.73134,-8.096119296,17.08280014,305.152781
285.25,2001,81.30163177,15961.49231,-8.084061251,17.10188168,304.5321575
285.5,2001,87.13015091,15774.10769,-8.071559063,17.12301398,302.8133709
286.25,2001,85.58383581,15380.61765,-8.14125045,17.01190012,293.8515028
286.5,2001,88.40809024,14841.30882,-8.239142638,16.88566048,284.7080177
287.25,2001,86.25020129,14348.84615,-8.378251552,16.76230481,276.7838942
287.5,2001,80.94166704,13711.51515,-8.485030479,16.66863948,269.2030933
288.25,2001,78.24975849,13343.91045,-8.593074655,16.57628202,263.608301
288.5,2001,76.65914068,13134.01563,-8.661187483,16.52054844,259.4308453
289.25,2001,68.97499918,13080.48485,-8.671353961,16.51029844,256.7794555
289.5,2001,53.12260889,13112.5,-8.642698255,16.51723433,254.983876
290.25,2001,48.42127568,13288.89231,-8.608763835,16.50095376,253.5326928
290.5,2001,46.91048491,13483.07576,-8.579469227,16.48636211,252.2906513
291.25,2001,43.88016982,13691.64615,-8.573896946,16.45342149,250.8202761
291.5,2001,43.74426834,13941.98507,-8.554944794,16.44365065,249.6028055
292.25,2001,47.62567797,13593.18462,-8.622845709,16.35154609,248.1332005
292.5,2001,39.99949209,13243.47761,-8.677527027,16.28037905,247.8132094
293.25,2001,25.5635004,13628.28788,-8.684772286,16.30616971,245.7663188
293.5,2001,17.18940586,14836.82813,-8.636108947,16.43281086,242.4999058
294.25,2001,7.500623526,14809.94286,-8.69468062,16.38707291,241.1503994
294.5,2001,-8.116151138,15836.375,-8.667775656,16.50582974,237.8832805
295.25,2001,-12.68629974,17194.78333,-8.56308935,16.83105678,235.509667
295.5,2001,-19.10320903,18202.6875,-8.518028319,17.07868133,234.0982294
296.25,2001,-19.9669991,18330.35,-8.546217445,17.06660508,233.6045006
281.25,2002,86.12469458,2250.092308,-13.66648927,18.16134606,348.1380493
281.5,2002,96.9355011,2131.484848,-13.6229546,18.2617469,320.6775776
282.25,2002,99.11849975,2179.606061,-13.59319848,18.24879846,302.1760917
282.5,2002,104.4756333,2175.492308,-13.57539384,18.24135843,277.7406158
283.25,2002,99.97750095,2189.469697,-13.59263184,18.19196664,261.9303193
283.5,2002,90.62507823,2198.41791,-13.5966508,18.14464476,267.420135
284.25,2002,16.4999396,2116.567164,-13.6090956,18.06000292,282.1847318
284.5,2002,21.35140277,2007.149254,-13.64067619,18.0377402,284.1945969
285.25,2002,18.79040008,1867.169231,-13.66878468,17.99419526,290.4401074
285.5,2002,15.50262657,1753.61194,-13.68819558,17.96822076,291.8456398
286.25,2002,24.4130001,1682.681818,-13.7163152,17.95563166,299.0025427
286.5,2002,29.60796989,1650.787879,-13.74093485,17.95144532,301.3788778
287.25,2002,34.09264506,1692.584615,-13.79127383,17.92096599,300.5171222
287.5,2002,41.00748393,1811.848485,-13.88375754,17.87309688,299.8321818
288.25,2002,17.3111797,1636.104478,-14.23259707,17.51302242,230.0407013
288.5,2002,13.15773155,1528.104478,-14.47362834,17.29422404,226.7236114
289.25,2002,15.5374994,1580.893939,-14.56120454,17.22454713,229.9961809
289.5,2002,29.33450035,1832.193548,-14.42337424,17.42464207,245.9619672
290.25,2002,36.93155778,1896.147059,-14.39448386,17.48631325,257.2294843
290.5,2002,34.49202874,1929.352941,-14.55590592,17.31109271,256.9954702
291.25,2002,31.2212911,2031.6,-14.71018006,17.08804769,256.1723532
291.5,2002,34.49899916,2220.307692,-14.77860777,17.02017387,260.268538
292.25,2002,28.66193854,2370.666667,-14.87401067,16.83085299,253.8782575
292.5,2002,20.38123845,2396.793651,-14.91428254,16.65923179,238.6523973
293.25,2002,23.71127677,2570.4,-14.9772646,16.59458313,232.1821547
293.5,2002,30.695956,2694.188406,-15.03355942,16.56589724,221.7284502
294.25,2002,26.0529995,2699.411765,-15.07216325,16.56526336,205.5294268
294.5,2002,29.90236804,2822.044118,-15.12400291,16.56895593,193.6461473
295.25,2002,38.62262475,2947.390625,-15.19141714,16.55995161,180.102047
295.5,2002,43.29530662,3092.728814,-15.22714572,16.55154413,174.0143052
296.25,2002,40.23217916,3188.78,-15.25338994,16.54661808,170.0152408
296.5,2002,38.97394766,3619.358974,-15.32177684,16.51537705,166.9081804
268.25,2003,101.5569992,1129.09375,-9.982221834,17.42349392,299.9872179
268.5,2003,100.4459991,1132.8,-10.03277097,17.41014359,303.0041321
270.25,2003,83.5579987,1243.846154,-10.16337466,17.41849986,275.4453876
273.25,2003,66.4260025,1994.235294,-11.2362235,17.10846452,289.280295
273.5,2003,53,2074.142857,-11.13427139,17.09452374,309.8585699
274.25,2003,52.32811803,2078,-11.14485492,17.08432351,314.7341955
274.5,2003,38.82411154,2096.62963,-11.1244667,17.0779,323.0993517
275.25,2003,38.70567679,2153.967742,-11.21146455,17.04453711,329.3099513
275.5,2003,44.74095371,2223.692308,-11.25628466,17.02206162,333.7821848
276.25,2003,38.75149915,2267.293103,-11.19282764,17.02401552,340.2361392
276.5,2003,43.67898447,2387.384615,-11.29291393,16.98179694,338.292172
277.25,2003,51.0316514,2615.698413,-11.4707048,16.9212318,337.3795234
277.5,2003,101.697548,2193.921875,-12.09232029,17.00039372,268.9400792
278.25,2003,121.9023063,2068.424242,-12.03172119,17.040562,262.089122
278.5,2003,126.0714989,2156,-12.10603907,16.92865453,261.2216723
279.25,2003,129.6988269,2331.584615,-12.22841534,16.74307832,259.8238307
279.5,2003,128.6496993,2456.428571,-12.30927136,16.63744914,259.4436042
280.25,2003,129.532139,2566.984615,-12.37219685,16.54936455,258.8184929
280.5,2003,124.2500267,2617.462687,-12.32963733,16.54506119,261.1582683
281.25,2003,43.23761498,2679.846154,-12.40102002,16.48142926,262.08603
281.5,2003,33.23790746,2715.390625,-12.39094066,16.46612972,264.9480297
282.25,2003,28.68758402,2722,-12.36867699,16.46606457,266.7653062
282.5,2003,22.39379651,2696.84058,-12.35671598,16.46068692,265.6223903
283.25,2003,28.39561869,2598.571429,-12.4374365,16.4395111,267.8113338
283.5,2003,27.59900011,2564.671875,-12.39696873,16.43198898,257.4147654
284.25,2003,35.31838788,2524.880597,-12.38267755,16.41462231,245.5869111
284.5,2003,33.37149992,2490.333333,-12.38907873,16.38672111,233.6323032
285.25,2003,28.31694105,2369.835821,-12.31036566,16.43690889,224.8596114
285.5,2003,27.46500015,2290.573529,-12.28343087,16.45314553,221.4385731
286.25,2003,32.58781161,2352.086957,-12.38739272,16.37678832,221.2415221
286.5,2003,18.96343105,2123.815385,-12.24270162,16.49379082,220.3847696
287.25,2003,19.60767695,2119.6,-12.32746007,16.43653544,222.5790464
287.5,2003,19.04569734,2189.045455,-12.47116369,16.33789549,225.391698
288.25,2003,39.77169672,2306.136364,-12.50316978,16.2850001,229.4563652
288.5,2003,45.07832198,2498.455882,-12.64004125,16.19284126,231.1603106
289.25,2003,46.45375651,2671.181818,-12.83090915,16.09063641,230.7992748
289.5,2003,34.29704458,2905.507463,-12.94838808,16.01783884,231.3784344
290.25,2003,27.67173897,3073.784615,-13.02321692,15.99565853,229.7809692
290.5,2003,27.65123572,3333.426471,-13.08219557,15.97620449,229.4745145
291.25,2003,30.5710316,3553.507937,-13.30260154,15.86227474,231.563666
291.5,2003,30.03270329,3596.65625,-13.61262178,15.70455644,234.7886708
292.25,2003,37.29099845,3607,-13.97516852,15.50746294,238.7087141
292.5,2003,34.41558537,3794.507692,-14.06821836,15.47613397,243.8952771
293.25,2003,35.10666671,3805.869565,-14.30684196,15.3371015,248.355869
293.5,2003,34.69021536,3849.353846,-14.40686457,15.27640157,251.6322442
294.25,2003,39.46110557,3874.807018,-14.45823858,15.24794563,252.7013317
294.5,2003,34.88939073,4130.423729,-14.48360848,15.14627289,251.8502867
295.25,2003,33.10366702,4346.19697,-14.54313489,15.03998944,248.9615597
295.5,2003,40.80156018,4186.92,-14.61114805,15.01938204,248.3937595
296.25,2003,39.23314011,4458.418605,-14.67758614,14.9152093,242.8870474
296.5,2003,37.89789335,4507.216216,-14.72463521,14.86293781,239.9948656
297.25,2003,21.44714329,4766.733333,-14.76547347,14.78819999,235.8855667
268.25,2004,28.87841329,5187.095238,-9.448879933,17.94720006,554.2835839
268.5,2004,19.10942583,5241.615385,-9.427350358,17.79521221,560.9434105
269.25,2004,32.60963624,5325.954545,-9.374395805,17.72100752,568.3759488
269.5,2004,38.0354996,5383.109375,-9.401480242,17.64081559,573.3950429
270.25,2004,35.11048552,5507.909091,-9.490839817,17.57208335,586.5421966
270.5,2004,37.98272285,5620.230769,-9.681437358,17.46716317,593.4673668
271.25,2004,38.20324999,5716.25,-9.854313433,17.37132516,593.7390432
271.5,2004,42.77349855,5865.765625,-9.940277666,17.31101271,589.7930784
272.25,2004,48.02990907,6139.523077,-10.02649045,17.26314325,582.8773682
272.5,2004,49.21938267,6446.617647,-10.0297291,17.2394207,571.3967617
273.25,2004,53.81689286,6721.892308,-10.06602261,17.22866622,564.0640738
273.5,2004,58.81500055,7027.96875,-10.05503798,17.22593438,552.6190138
274.25,2004,60.06104288,7336.641791,-10.11525075,17.20508353,545.9378225
274.5,2004,64.12167511,7517.8,-10.19411326,17.17305838,540.3107248
275.25,2004,65.16810621,7565.661538,-10.31292407,17.1258045,534.2050776
275.5,2004,67.99635266,7445.553846,-10.47035129,17.04556448,523.0374155
276.25,2004,74.24665085,7284.095238,-10.62610163,16.96288248,511.5033937
276.5,2004,64.92064223,7441.895522,-10.72164176,17.01668808,532.7069493
277.25,2004,59.57999995,7385.191176,-10.83529998,16.97417503,524.7717896
277.5,2004,9.835617018,7426.61194,-10.91441339,16.93314937,517.0486528
278.25,2004,1.796421875,7458.890625,-10.9764625,16.86253134,499.5329037
278.5,2004,-0.505237662,7604.953846,-11.03194613,16.79736159,484.7462914
279.25,2004,-7.474613078,7790.235294,-11.05967943,16.76464707,472.7380003
279.5,2004,-3.605072149,8261.215385,-11.22512772,16.57477694,453.342757
280.25,2004,-1.697523138,8740.861538,-11.40862464,16.42727693,449.3830646
280.5,2004,3.726179003,9062.910448,-11.53257613,16.34065221,459.3955702
281.25,2004,1.051601582,9215.507463,-11.58147464,16.3100745,472.9246617
281.5,2004,0.60650505,9246.69697,-11.58756669,16.2861559,482.0509292
282.25,2004,6.075218906,9299.626866,-11.68471051,16.2590521,495.6582591
282.5,2004,7.95599485,9231.636364,-11.73087278,16.23752417,496.0709589
283.25,2004,-5.86849485,9173.484848,-11.68558794,16.20670445,476.0252612
283.5,2004,-8.060687231,9372.538462,-11.6249354,16.17230467,456.9171546
284.25,2004,-10.34297959,9352.107692,-11.63379999,16.14434315,440.7498911
284.5,2004,-14.29300025,9601.411765,-11.63405146,16.12485004,424.0805278
285.25,2004,-12.2442501,10435.40625,-11.61512028,16.12267968,409.6602478
285.5,2004,-15.60599995,11560.42647,-11.64456762,16.10968961,395.6285279
286.25,2004,-26.42026121,12238.44615,-11.68295072,16.08871527,379.5013381
286.5,2004,-11.19049245,11513.46154,-11.69972154,16.09007376,367.0382291
287.25,2004,-17.4790001,12468.17188,-11.76595157,16.02488582,354.2720771
287.5,2004,-18.75492686,12237.29412,-11.85589266,15.95484112,345.9432948
288.25,2004,-12.14195531,11975.53731,-11.98052388,15.85426416,336.8999106
288.5,2004,-7.888033568,11092.30435,-12.11184489,15.7677913,326.6657821
289.25,2004,-8.754866885,11328.70769,-12.25333681,15.66575383,320.2792931
289.5,2004,-9.661374188,11922.01515,-12.29683932,15.63672728,317.2817434
290.25,2004,-6.949481634,12166.18462,-12.41707991,15.56641229,311.0046467
290.5,2004,-1.735030558,12525.16667,-12.57206353,15.47024549,305.6265291
291.25,2004,3.041636364,12748.68182,-12.7917332,15.29882884,298.3148924
291.5,2004,-3.773682221,13673.40909,-12.94394841,15.22636675,303.4338014
292.25,2004,-2.604513082,13289.01538,-13.2059184,14.99989084,287.1556899
292.5,2004,2.457475199,13623.85294,-13.366497,14.90788683,292.3880431
293.25,2004,-6.20915433,13902.61194,-13.52517008,14.83195972,303.8339407
293.5,2004,-12.01800015,13934.25758,-13.6819605,14.71230603,316.0458494
294.25,2004,-12.74091274,13851.18841,-13.74179845,14.66139998,315.6204064
294.5,2004,11.0054898,13286.57895,-13.63239735,14.64878423,297.6772638
295.25,2004,5.449412637,13864.35185,-13.72928883,14.62856293,313.4519444
295.5,2004,-2.461686182,14134.56364,-13.80201634,14.56768728,314.4760182
296.25,2004,-2.515313954,14392.9,-13.86622999,14.510838,312.9047204
296.5,2004,-0.162566324,14591.86486,-13.90183515,14.4666919,308.8278124
297.25,2004,2.72949,14712.42857,-13.93145363,14.43958569,303.1617878
268.25,2005,-5.861862005,4146.47619,-9.054751398,16.59783491,174.7106023
268.5,2005,-4.878722711,4344.492308,-9.075312312,16.55556617,188.2026294
269.25,2005,1.621505,4710.227273,-9.072247192,16.42819393,209.0669988
269.5,2005,-4.281486923,4745.6,-9.13147626,16.48214619,205.6500148
270.25,2005,-4.226681898,4813.076923,-9.229840403,16.50152456,203.541476
270.5,2005,-1.170944848,5087.276923,-9.343589317,16.42080304,206.4510456
271.25,2005,-4.389583233,5087.15625,-9.502859211,16.43676407,203.700094
271.5,2005,-4.321446563,5257.553846,-9.511025535,16.38999226,204.1395235
272.25,2005,-0.171409155,5654.892308,-9.443092169,16.33574759,204.0031532
272.5,2005,6.497502657,6005.261538,-9.36325614,16.34786922,188.7158922
273.25,2005,5.98651005,6197.757576,-9.380393744,16.3878455,177.6293793
273.5,2005,1.9469915,6436.363636,-9.412706788,16.41936975,167.1356976
274.25,2005,1.731430308,6737.353846,-9.462189537,16.4511432,154.7756629
274.5,2005,9.428945364,7301.818182,-9.590227141,16.39320466,152.5946221
275.25,2005,8.384323178,7549.184615,-9.679358805,16.36300929,149.1445235
275.5,2005,-3.891495,7454.296875,-9.733229895,16.49979526,149.3134232
276.25,2005,-9.051338569,7637.261538,-9.848178014,16.57203689,158.8070324
276.5,2005,-4.448094527,7728.859375,-9.941474188,16.61425153,166.3095796
277.25,2005,-2.623428955,7625.716418,-9.982454573,16.58784169,171.3823443
277.5,2005,2.309756031,7413.553846,-9.979067983,16.42801374,172.5639857
278.25,2005,-1.080804597,7331.880597,-10.01022654,16.43364313,183.4602392
278.5,2005,-1.542909394,7212.69697,-10.01768756,16.35556809,190.9799243
279.25,2005,0.051377456,7094.647059,-10.03034128,16.26048671,200.7286619
279.5,2005,-9.865124727,7034.701493,-10.02639204,16.19286862,208.8555373
280.25,2005,-4.58122763,7178.223881,-10.15109669,15.93327904,201.5930299
280.5,2005,-1.374954308,7346.861538,-10.2653655,15.79490613,193.2789077
281.25,2005,-2.899615432,7318.446154,-10.29772086,15.75893841,190.9643853
281.5,2005,-2.910750792,7246.126984,-10.28473482,15.74503336,194.3097466
282.25,2005,-3.402845902,7324.246154,-10.35729839,15.7126754,185.8826933
282.5,2005,-6.49499974,7294.030769,-10.36163839,15.70261544,192.4904926
283.25,2005,-4.456984973,7390.671642,-10.30462084,15.68529109,209.9154782
283.5,2005,-2.030989385,7619.707692,-10.2588661,15.66251238,222.9222778
284.25,2005,-6.34199515,8168.935484,-10.18131657,15.64860164,236.843307
284.5,2005,-7.620979214,8711.59375,-10.15320626,15.62504374,239.8776565
285.25,2005,-3.116527312,9104.925373,-10.16501197,15.59753579,230.1108205
285.5,2005,-3.149666616,9925.656716,-10.10233242,15.57806262,222.8705071
286.25,2005,-3.459505,10478.84375,-10.06755798,15.5518765,212.3701718
286.5,2005,-6.041278606,10529.73134,-10.06153271,15.54129703,196.6722676
287.25,2005,-1.675894091,10610.9697,-10.06352503,15.52280907,187.520075
287.5,2005,-1.583625538,10865.73846,-10.10135051,15.47588462,182.0622772
288.25,2005,-1.391119552,10924.13433,-10.1827235,15.4369194,180.2440308
288.5,2005,-1.882537119,10808.01493,-10.31864917,15.38149403,179.1211509
289.25,2005,-1.778278458,11046.71642,-10.44281827,15.33198055,179.7872556
289.5,2005,-0.235633433,11327.83582,-10.50874423,15.31350597,181.223002
290.25,2005,-0.024673969,11174.50769,-10.64921234,15.27248614,181.0144944
290.5,2005,-0.588886788,10885.12121,-10.81210911,15.21305756,180.1864411
291.25,2005,-16.68250975,12216.90909,-11.22831061,14.97558334,176.4896825
291.5,2005,-31.2890005,13398.98529,-11.77271324,14.64780005,169.5088667
292.25,2005,-42.0020008,13050.89394,-12.06121818,14.46756523,167.4676497
292.5,2005,-36.0498539,12850.89706,-12.13558235,14.4121383,170.7830281
293.25,2005,-19.72484841,12742.72727,-12.09827574,14.39391821,173.61156
293.5,2005,-9.906397813,12603.62687,-12.12040299,14.36816271,172.1012377
294.25,2005,-7.503696376,12483.58824,-12.14238676,14.35533237,168.5414245
294.5,2005,-23.94870602,12696.88235,-12.16888532,14.34128087,166.4098365
295.25,2005,-22.61620363,12426.07813,-12.26449064,14.26184684,171.7056706
295.5,2005,-30.99179371,11654.12698,-12.33277143,14.17893962,172.365936
296.25,2005,-35.00092197,11749.57692,-12.30731343,14.14479993,163.0228835
296.5,2005,-37.04802465,11981.575,-12.31263999,14.11640742,162.3054241
297.25,2005,-37.3260002,12435.07143,-12.33152146,14.08124999,164.654213
268.5,2006,9.226115195,4521.166667,-9.888271144,16.93766377,253.1483957
269.25,2006,0.245251594,4625.609375,-9.849181047,16.87778442,244.0846424
269.5,2006,2.63751495,4696.953125,-9.829623197,16.81418597,233.2879231
270.25,2006,4.252929797,4853.863636,-9.922291439,16.7416091,218.0323944
270.5,2006,0.3570085,5017.078125,-10.07439113,16.67504691,202.2495155
271.25,2006,3.340542083,5264.21875,-10.21420534,16.66114065,189.0671716
271.5,2006,4.71899485,5630.4375,-10.24359502,16.70877033,178.2742648
272.25,2006,6.021682244,6593.109375,-10.18504815,16.84950635,167.5702026
272.5,2006,0.341670246,7233.969231,-10.20457819,16.94923082,154.2932144
273.25,2006,0.930241077,7557.892308,-10.21469356,17.03251998,142.1816147
273.5,2006,0.539068939,7556.090909,-10.23354818,17.08990605,136.8415598
274.25,2006,-0.3619997,7791,-10.2805517,17.1707364,129.4434845
274.5,2006,1.521196715,8271.393939,-10.4454682,17.14736685,131.1165003
275.25,2006,-3.824035103,8029.136364,-10.48345456,17.2069123,129.6570307
275.5,2006,0.957929636,7705.257576,-10.52318186,17.30697441,127.9175912
276.25,2006,0.297904192,7524.1875,-10.60503443,17.38860646,126.2607031
276.5,2006,-0.535445656,7357.578125,-10.68318446,17.44791111,126.2717345
277.25,2006,-3.561933692,7223.784615,-10.74727705,17.4783354,125.8027386
277.5,2006,-8.993818185,7230.681818,-10.78645161,17.47297882,123.0730761
278.25,2006,-6.709569337,7144.076923,-10.78667848,17.44240153,122.1259851
278.5,2006,-3.236120909,6867.19697,-10.7568424,17.3676303,126.4740761
279.25,2006,-3.526000252,7184.575758,-10.76266508,17.3006469,123.3818942
279.5,2006,-1.547805538,7474.415385,-10.76979375,17.21244302,119.0041232
280.25,2006,-11.91864565,7586.153846,-10.78422606,17.11887075,115.6698155
280.5,2006,-11.78660477,7759.8,-10.84607842,17.00161999,120.4565696
281.25,2006,-3.630005,8226.125,-11.00158905,16.86316401,126.977766
281.5,2006,-4.177080709,8046.681818,-11.00158027,16.83790903,124.0594852
282.25,2006,3.6205,7918.136364,-11.2131863,16.75590599,129.6351211
282.5,2006,4.72048995,7569.045455,-11.22774542,16.7502544,131.8802423
283.25,2006,0.947664971,7436.794118,-11.14643523,16.75350579,137.5577054
283.5,2006,-1.264039969,7408.430769,-11.07938451,16.7536061,140.7267378
284.25,2006,1.107143411,7484.4375,-11.04336868,16.74254522,143.2706247
284.5,2006,1.467302982,7537.69697,-11.00957575,16.73582558,142.6222576
285.25,2006,-0.882082315,7294.348485,-10.99060457,16.72659533,139.6998487
285.5,2006,-3.149619592,6852.2,-10.94124926,16.71290917,138.8085696
286.25,2006,-0.867636,6276.169231,-10.95790929,16.69631849,138.0824925
286.5,2006,-1.36099005,5740.5,-10.98695609,16.66579255,140.0419099
287.25,2006,-1.360615231,5511.569231,-11.03970617,16.60999852,146.0923845
287.5,2006,-2.12800495,5618.573529,-11.11783237,16.52218981,152.6493822
288.25,2006,7.22650505,7404.852941,-11.32950586,16.43816912,155.2906739
288.5,2006,4.5215001,7976.28125,-11.42616715,16.33824212,158.9285915
289.25,2006,3.958146409,8614.045455,-11.52829842,16.25709838,157.1507418
289.5,2006,4.7129948,9261.191176,-11.63867936,16.1623852,153.9366621
290.25,2006,4.362183928,9727.507463,-11.75195227,16.08028799,149.5258657
290.5,2006,2.377950151,10112.59701,-11.83163142,16.0128313,150.7491193
291.25,2006,15.15445968,10689.56716,-11.99372246,15.86021787,151.6899553
291.5,2006,34.7345377,11084.47761,-12.15625381,15.71679993,150.0779393
292.25,2006,34.36579291,11874.95588,-12.24846919,15.6381676,149.3712194
292.5,2006,25.36553643,12956.07246,-12.43939419,15.464142,142.8225074
293.25,2006,8.907275835,13997.62319,-12.67704923,15.232384,140.055348
293.5,2006,5.442537952,14226.31343,-12.77634323,15.16230892,139.6439257
294.25,2006,1.87561194,14414.13433,-12.85849098,15.111197,139.7745373
294.5,2006,-0.926605723,14588.24615,-12.92377071,15.07810004,140.2768305
295.25,2006,4.692461032,14792.13235,-12.94821614,15.05935593,139.8403668
295.5,2006,13.5361148,14919.37705,-12.95632295,15.03972299,138.9915565
296.25,2006,17.82890514,15092.15094,-12.9657623,15.02490193,137.6741696
296.5,2006,16.91535699,15294.71429,-12.97438574,14.99795004,136.9788807
263.5,2007,46.5429993,4977,-13.09152509,18.332475,164.1169502
264.25,2007,60.3300775,4855.952381,-13.17001437,18.36023497,167.6832072
264.5,2007,69.96074483,4669.313433,-13.29246716,18.42254038,170.3991046
265.25,2007,71.98959735,4470.430769,-13.48509533,18.51440178,170.9445242
265.5,2007,60.27404634,4420.815385,-13.43876155,18.57597398,173.9335865
266.25,2007,59.55301644,4263,-13.55661538,18.62574777,168.2986173
266.5,2007,70.95399919,4016.969231,-13.89341695,18.56506456,177.5866324
267.25,2007,70.7116603,3975.307692,-13.82617848,18.5558692,176.7141552
267.5,2007,71.63948184,3974.387097,-13.59263068,18.56749194,164.2610818
268.25,2007,80.6181217,3960.969231,-13.39486002,18.48773992,185.3827853
268.5,2007,2.954635417,4007.40625,-13.2126672,18.48111558,185.3151724
269.25,2007,3.4019949,4051.203125,-13.03354059,18.48023439,182.7222505
269.5,2007,3.469538157,4082.8,-12.90124149,18.47459697,180.0187545
270.25,2007,3.89401005,4104.171875,-12.90017183,18.44613129,177.7153759
270.5,2007,5.791064283,4091.603175,-13.04060155,18.39694768,172.9374448
271.25,2007,7.396597792,4051.190476,-13.17035866,18.35225723,167.607254
271.5,2007,8.87749955,3934.84375,-13.24610152,18.32310161,161.1241558
272.25,2007,4.596507126,3856.846154,-13.42961997,18.27954469,157.4867995
272.5,2007,9.915845626,3826.292308,-13.77042916,18.21248618,155.3193223
273.25,2007,16.93975723,4045.212121,-13.98691659,18.158894,161.8291057
273.5,2007,20.02033318,4156.272727,-14.07159238,18.12794848,167.589576
274.25,2007,18.1452684,4158.044776,-14.13725369,18.08062978,171.8340003
274.5,2007,8.476498145,4292.861538,-14.19006768,17.98058458,178.5125235
275.25,2007,13.82684854,4329.848485,-14.31245912,17.87025299,180.8899848
275.5,2007,16.9855003,4221.867647,-14.53459121,17.7539191,179.0808819
276.25,2007,19.62567717,4086.615385,-14.77025077,17.66243081,175.4338309
276.5,2007,15.40199995,3844.328125,-14.90924215,17.79452338,163.3511565
277.25,2007,16.14866193,3831.292308,-14.99590453,17.77785231,164.2028924
277.5,2007,18.32454762,3835.796875,-15.10476247,17.74753913,168.9414217
278.25,2007,17.39245494,3830.333333,-15.19669697,17.76852891,173.9681057
278.5,2007,8.561776119,3627.835821,-15.07544774,18.00502695,178.1443281
279.25,2007,7.220769132,3485.230769,-15.02996304,18.05923245,184.9205228
279.5,2007,9.138989601,3370.104478,-15.06187761,17.93939269,194.9682836
280.25,2007,16.4580461,3388.2,-15.30960768,17.69857251,206.5542455
280.5,2007,12.50419921,3302.492537,-15.39795669,17.60328515,218.498701
281.25,2007,4.978045326,3097.4,-15.34099693,17.60661076,228.0544464
281.5,2007,7.914333433,2991.537313,-15.36060748,17.57450454,238.0255674
282.25,2007,0.368969286,2946.15873,-15.42286035,17.53577139,247.0141272
282.5,2007,1.3565085,2964.328125,-15.38927811,17.51619679,250.4428608
283.25,2007,12.665,3235.121212,-15.40402728,17.44220901,256.017835
283.5,2007,4.400390049,3358.707692,-15.08148307,17.50239701,246.0363375
284.25,2007,8.133362881,3642.850746,-15.05453127,17.45907627,250.6073422
284.5,2007,8.469855567,4078.283582,-14.96481037,17.4514239,252.1174763
285.25,2007,6.833155372,4463.828125,-14.85158122,17.48572024,256.4335139
285.5,2007,10.01017702,4614.409091,-14.74983482,17.52394242,254.0213621
286.25,2007,7.62148975,4730.136364,-14.6770576,17.52883495,253.1874986
286.5,2007,9.233239203,4802.820896,-14.67997165,17.49733142,250.3854029
287.25,2007,6.11421564,5026.723077,-14.64441078,17.4398571,245.1920624
287.5,2007,11.47489215,5354,-14.77403538,17.34192784,230.8955085
288.25,2007,-0.021304846,5777.507692,-14.82189386,17.22757396,220.3273548
288.5,2007,-0.593413656,6281.75,-14.87454218,17.14157182,210.54125
289.25,2007,-0.7180025,6926.705882,-14.96179109,17.05946611,200.1039272
289.5,2007,-0.1069945,7439.257143,-15.06300565,16.98252131,193.1789283
290.25,2007,0.107390142,7851.850746,-15.16263726,16.92815513,186.1779847
290.5,2007,2.458218545,8136.909091,-15.28506664,16.86129841,182.1794242
291.25,2007,3.315770848,8721.58209,-15.46272836,16.75568204,178.9323879
291.5,2007,1.508973906,9553.765625,-15.60793902,16.66762352,177.316906
292.25,2007,2.001761221,10732.06061,-15.68332422,16.63983498,175.2111211
292.5,2007,7.426387851,10714.28358,-15.90665666,16.5121643,174.6965526
293.25,2007,7.7939899,11200.72059,-15.97541624,16.37661177,170.2209711
293.5,2007,5.4750099,10807.16667,-16.06665767,16.25714394,165.2158793
294.25,2007,7.568111765,10256.47059,-16.12545738,16.21863375,162.9218685
294.5,2007,2.91542846,9932.746269,-16.17068367,16.06572377,155.7759559
295.25,2007,3.750517846,9403.646154,-16.17960014,16.01042146,152.270047
295.5,2007,3.286237624,9005.68254,-16.18016833,15.96843807,152.3550485
296.25,2007,4.573505327,9056.5,-16.18186607,15.93464642,154.6873755
296.5,2007,5.861999902,9086.177778,-16.18849106,15.88911111,156.969712
297.25,2007,4.3340101,9126.555556,-16.1906111,15.86429441,157.290557
262.25,2008,22.22084895,24200.58491,-14.21709811,18.08959064,376.7793032
262.5,2008,24.18330348,24124.16667,-14.20027271,18.05748786,375.883016
263.25,2008,18.6630001,24297.64063,-14.20819222,18.02038907,383.9336262
263.5,2008,20.09839643,24202.66667,-14.28210159,18.00249683,389.181381
264.25,2008,16.7164998,24141.40909,-14.46978485,17.9946363,398.7944396
264.5,2008,6.569247279,23777.22727,-14.47786361,18.04090292,425.3651081
265.25,2008,8.721496889,23545.69841,-14.65898571,18.08431417,448.4077308
265.5,2008,23.03269886,23684.69841,-14.84444128,18.09222703,455.0105692
266.25,2008,29.88833402,22880.78788,-14.92484998,18.10009704,457.8308633
266.5,2008,27.65999985,21784.23438,-15.09008746,18.08302506,447.8013921
267.25,2008,25.48790487,21746.4127,-15.15526345,18.05988262,452.0564953
267.5,2008,30.68435399,21722.01538,-15.2341892,18.00663087,440.8605868
268.25,2008,22.91683082,22189.10769,-15.24663536,17.95362618,432.6453848
268.5,2008,21.92364657,23043.70769,-15.22265232,17.90367851,431.8936143
269.25,2008,30.0779991,23927.69355,-15.45147904,17.86555155,426.3446768
269.5,2008,25.76049995,25580.45313,-15.17175467,17.84344685,456.9609203
270.25,2008,24.74084304,27101.03125,-15.03219682,17.82649845,484.4825931
270.5,2008,32.99034341,28230.09375,-15.2656249,17.78276408,475.7102509
271.25,2008,37.20284573,28500.63077,-15.39531989,17.76047378,467.9105858
271.5,2008,24.51875832,27657.5,-15.34542724,17.86607575,498.6175445
272.25,2008,21.59232808,26947.75,-15.45822496,17.91180932,491.0061402
272.5,2008,14.8438123,26393.67188,-15.5017609,17.94145149,478.6154547
273.25,2008,7.471856665,26252.84615,-15.58324154,17.96457528,469.3212797
273.5,2008,15.93339874,26956.74242,-15.60254245,17.88072265,472.7139125
274.25,2008,29.63453776,26520.07463,-15.71701642,17.7810269,463.9354817
274.5,2008,28.69835388,25289.04615,-15.85595228,17.71823229,416.8919091
275.25,2008,23.2329998,25757.64706,-16.05753377,17.58834858,401.8869571
275.5,2008,22.38328832,25405.4697,-16.32535603,17.45107131,385.2556661
276.25,2008,33.90614939,21954.13433,-16.96922975,17.29416716,340.9234765
276.5,2008,41.7235297,21193.76563,-17.37145611,17.14023123,328.8302484
277.25,2008,42.12983073,21353.56923,-17.63553059,17.02314146,326.1618455
277.5,2008,45.10476016,21791.73134,-17.73317587,17.04293124,323.0108501
278.25,2008,45.47150786,22462.26154,-17.84913673,16.99054296,327.0778302
278.5,2008,48.65737403,23123.70149,-17.95013276,16.9594642,338.6608213
279.25,2008,53.85163106,23430.44615,-18.02316768,16.98382457,334.4665387
279.5,2008,48.38898607,23346.67692,-18.06251848,16.88653702,338.6675547
280.25,2008,39.39946932,23080.65625,-18.12515939,16.81082677,324.9172807
280.5,2008,40.2325001,22794.02857,-18.21212856,16.77572733,309.9946568
281.25,2008,45.56978723,23047.16667,-18.40610143,16.70424993,294.8748932
281.5,2008,45.23534218,23303.83582,-18.48584323,16.63759696,282.3979702
282.25,2008,38.29323946,23507.38806,-18.4564671,16.58561645,275.4640453
282.5,2008,24.74660568,23682.25758,-18.00054235,16.65275467,271.94294
283.25,2008,19.91118531,24205.15385,-17.94079991,16.6466587,268.2292152
283.5,2008,32.37521289,24480.19697,-17.81757724,16.65481682,265.2477278
284.25,2008,33.49368669,24993.31343,-17.84371646,16.61773889,264.018163
284.5,2008,28.32999995,23831.81818,-17.33449098,16.7383046,257.8968499
285.25,2008,32.82527562,23644.64615,-17.27528165,16.72306917,254.1175389
285.5,2008,38.38449955,23518.71212,-17.34485769,16.67863175,252.7469247
286.25,2008,42.02738306,23170.67692,-17.36502323,16.64810764,250.0043696
286.5,2008,32.4849997,21619.37879,-17.10646983,16.70716355,239.7984543
287.25,2008,15.12586149,18690.52308,-16.64939707,16.96679232,250.3767062
287.5,2008,18.81422348,18759.79104,-16.98171354,16.74790146,233.8015661
288.25,2008,17.58781196,18286.5,-17.0607907,16.66443592,232.3020928
288.5,2008,11.47109581,17982.33333,-17.04438493,16.5952529,235.483985
289.25,2008,7.495737991,18201.73846,-17.06778785,16.52339988,239.85717
289.5,2008,9.936904539,18701.36364,-17.25817895,16.37560299,232.3478179
290.25,2008,11.44786735,19129.19118,-17.38118691,16.27485592,227.7342785
290.5,2008,12.14987919,19575.95455,-17.50196975,16.18018192,222.3104084
291.25,2008,12.42672702,19552.33333,-17.65523789,16.07036982,216.0510612
291.5,2008,18.67650035,20115.5,-17.80370875,15.94965306,214.7792361
292.25,2008,27.19549945,20553.79032,-17.90917415,15.86451298,215.0703398
292.5,2008,20.54699971,18747.60938,-18.11195943,15.81601878,206.5211735
293.25,2008,18.13895186,16615.20968,-18.31507105,15.78552902,194.5655505
293.5,2008,22.64415625,16363.5098,-18.37838447,15.74152551,192.4982764
261.25,2009,9.2419996,18536.06667,-10.78231333,17.47089984,290.9193359
261.5,2009,13.7234545,18330.56364,-10.67751454,17.45056534,300.541692
262.25,2009,6.136327995,18322.57143,-10.61836886,17.41384599,305.5605575
262.5,2009,5.229382937,18280.01493,-10.66861395,17.38043139,319.3514646
263.25,2009,7.550317203,18385.20635,-10.69862123,17.32848897,318.1855096
263.5,2009,3.134815286,18411.88889,-10.7770387,17.27879207,310.7042876
264.25,2009,-5.182206606,18107.42857,-10.89493714,17.26140794,296.4084623
264.5,2009,2.775415795,17534.10769,-11.10408309,17.28975537,290.7288466
265.25,2009,0.719988598,16823.54688,-11.31206879,17.33714527,286.6088753
265.5,2009,-6.692752224,16451.60606,-11.51762279,17.39133178,283.5683051
266.25,2009,-8.346275717,16241.1746,-11.68514135,17.44578885,277.7017478
266.5,2009,-11.33764072,16197.65625,-11.78528443,17.48227817,261.716579
267.25,2009,-7.303581939,16273.92537,-11.82995977,17.44600148,246.727015
267.5,2009,-7.709364267,16439.28125,-11.76061725,17.37305319,231.8123434
268.25,2009,-5.73100495,16528.53125,-11.76251725,17.28237032,227.4276869
268.5,2009,-4.879828491,16602.85938,-11.6800516,17.20058596,227.0007958
269.25,2009,-10.77199985,16719.5303,-11.73870909,17.12460003,231.7115897
269.5,2009,-6.218458334,16697.625,-11.64218753,17.11236719,233.0767326
270.25,2009,-6.490004962,16622.15873,-11.51355235,17.1246143,235.9181732
270.5,2009,-14.67999005,16648.21875,-11.60660779,17.09224073,239.9290776
271.25,2009,-10.23381524,17084.13846,-11.99346762,16.93603695,240.1156616
271.5,2009,2.105384462,17504.07692,-12.07051683,16.89171389,231.7504003
272.25,2009,0.9087584,16998.12308,-12.12474299,16.90059858,224.6110772
272.5,2009,0.485388739,17099.56061,-12.14451505,16.89912741,217.9807425
273.25,2009,-2.44823783,17198.34848,-12.20674536,16.91082737,215.5327879
273.5,2009,-12.30076727,17630.72727,-12.20887418,16.90574851,216.9286672
274.25,2009,-22.98470782,18215.18462,-12.17328766,16.86659998,222.3412769
274.5,2009,-20.11949975,19049.32353,-12.16417356,16.77388676,231.1866471
275.25,2009,-14.82577303,19546.21212,-12.22422428,16.69481061,237.5248637
275.5,2009,-12.40549995,19752.11765,-12.3644883,16.60325146,240.1859858
276.25,2009,-14.79821185,20164.73134,-12.49547616,16.48128642,254.6507771
276.5,2009,-11.23502545,20295.95455,-12.70695008,16.33158313,263.5713647
277.25,2009,-10.78858452,20710.8,-12.9285078,16.22273055,262.0831698
277.5,2009,-14.90541384,21332.52308,-13.00068321,16.21132598,258.4342466
278.25,2009,-15.90660014,21821.70769,-13.0186524,16.23409064,254.062784
278.5,2009,-15.28103071,22109.33846,-12.98195844,16.2597045,248.3966614
279.25,2009,-8.822773952,22886.35385,-13.26015542,16.19465994,236.8047082
279.5,2009,-5.9424496,22744.84848,-13.19324247,16.20994077,235.9491526
280.25,2009,-18.14982105,21760.80597,-12.82273882,16.25527023,234.5681193
280.5,2009,-19.94549945,21487.77941,-12.80189266,16.25584723,227.7813234
281.25,2009,-25.99891005,21122.53731,-12.75041789,16.27691801,220.8391783
281.5,2009,-17.18050005,21047.92647,-13.00501027,16.2188045,220.2797935
282.25,2009,-12.06507985,21178.26866,-13.05509398,16.19915079,217.8781485
282.5,2009,-14.0120001,20309.90909,-12.51545007,16.32622883,204.6059987
283.25,2009,-14.90552098,20172.23944,-12.38597472,16.32607322,200.7476613
283.5,2009,-14.69484843,20195.84848,-12.24615612,16.31268475,198.6649246
284.25,2009,-17.6484995,20318.90625,-12.12423126,16.29131087,199.919188
284.5,2009,-10.06979462,20411.95385,-12.00883535,16.26190003,204.093462
285.25,2009,-9.4154849,20482.89706,-11.96416021,16.22183533,207.9821481
285.5,2009,-9.149059949,20316.89552,-11.98032229,16.17504329,211.021956
286.25,2009,-9.83850525,19752.58824,-11.98147642,16.15193968,212.7270449
286.5,2009,-13.24306615,18033.09091,-11.7783924,16.2726787,205.8569701
287.25,2009,-5.599780745,16351.65672,-11.57704026,16.34932521,194.2823737
287.5,2009,-12.87330766,16241.15385,-11.74935991,16.21149982,185.8546314
288.25,2009,-8.327863627,16291.37879,-11.95709385,16.07189381,180.2464396
288.5,2009,-1.304504,16318.42424,-12.16075446,15.92896056,176.9229094
289.25,2009,1.248505,16282.38235,-12.26914698,15.80913234,175.2032652
289.5,2009,-1.351676394,16407,-12.47805992,15.65858617,174.8077395
290.25,2009,-3.9160149,16474.57576,-12.54592264,15.59740454,174.9285308
290.5,2009,-6.255995,16330.78788,-12.65922419,15.51932273,176.0911673
291.25,2009,-6.827711378,16272.72059,-12.86168379,15.38776469,178.3092061
291.5,2009,-12.87597005,16203.53731,-13.0609015,15.23884625,180.4992976
292.25,2009,-16.76204527,15904.79104,-13.34530899,15.05407608,185.5069997
292.5,2009,-12.44584567,15566.97015,-13.47347764,14.98172389,189.0181044
293.25,2009,-6.15386557,15600.49254,-13.54635827,14.95227017,187.2540602
293.5,2009,-15.28410179,16645.71014,-13.54817975,14.94101737,179.4442039
294.25,2009,-20.5056718,17245.56716,-13.60700452,14.86610445,173.1777474
294.5,2009,-25.76803009,17778.04545,-13.71586365,14.7259363,168.0834855
295.25,2009,-36.74154506,19116.33824,-13.75874266,14.63495586,172.2043973
295.5,2009,-33.62271862,18984.64063,-13.79017347,14.58503278,172.4666409
296.25,2009,-28.73541839,18792.47273,-13.82813461,14.53023449,170.8493453
296.5,2009,-25.09880819,18623.44681,-13.86971283,14.4682425,168.0033823
297.25,2009,-41.37151425,18502.74286,-13.9026258,14.41119425,164.8130563
260.5,2010,8.8540001,14239.23529,-11.85990574,17.30699416,326.6052354
261.25,2010,12.02055132,14520.58621,-11.81689647,17.37340687,332.2047409
261.5,2010,5.202687432,14907.12308,-11.84044614,17.31400766,339.9232455
262.25,2010,-1.965984902,15479.14286,-11.83613016,17.22770309,352.9262531
262.5,2010,-9.657276269,16003.91525,-11.83946611,17.16565924,367.7530662
263.25,2010,-8.492444441,16376.65079,-11.84632383,17.15918244,378.7255225
263.5,2010,-1.020323287,16994.7619,-11.94682065,17.19611422,391.859064
264.25,2010,0.20827781,17025.44444,-12.0453095,17.18220786,402.0031578
264.5,2010,-1.492255986,16713.09524,-12.12557617,17.18770312,406.0627776
265.25,2010,-3.049114479,16368.01493,-12.25805224,17.19447606,409.8577913
265.5,2010,-3.6465,16168.96875,-12.38176406,17.19053278,418.393672
266.25,2010,-1.820384671,15700.75385,-12.49958151,17.17853379,433.7383686
266.5,2010,-1.20150945,15226.93939,-12.5745651,17.15246518,447.4811346
267.25,2010,-5.400877986,15357.61905,-12.6066032,17.1049969,447.8724903
267.5,2010,-4.586833892,15301.98485,-12.58891977,17.03391823,443.511378
268.25,2010,-5.4760001,15503.65625,-12.5896751,16.9519672,436.7706242
268.5,2010,-4.83450505,15702.93939,-12.6493152,16.86667884,431.8062573
269.25,2010,-5.776066111,16236,-12.62625392,16.78982314,424.8100464
269.5,2010,-3.537097586,16857.86154,-12.64814317,16.7029416,421.8740474
270.25,2010,-0.958870984,17472.25397,-12.7577969,16.59211907,423.8362083
270.5,2010,-0.6985165,18166.35484,-12.84446782,16.50110017,421.8728086
271.25,2010,-9.17751025,18363.33333,-12.99460922,16.41472892,419.2527743
271.5,2010,-12.05486577,18356.49254,-13.16826428,16.32290911,416.0167783
272.25,2010,-10.98611615,18173.19697,-13.30162278,16.27215614,409.9506984
272.5,2010,-10.15911087,17766.4697,-13.42312882,16.22176222,411.6409417
273.25,2010,-6.160322576,17330.13636,-13.47549701,16.21640463,408.4594579
273.5,2010,-3.827861952,17238.61538,-13.51129079,16.22069239,412.1287884
274.25,2010,-4.4914999,17273.9697,-13.5139575,16.24010315,415.1264431
274.5,2010,3.471721594,18234,-13.43577756,16.27666416,420.3318978
275.25,2010,6.87265636,17946.95385,-13.52395067,16.27276467,409.2511686
275.5,2010,2.483975372,17384.8806,-13.74274323,16.1905926,397.8777908
276.25,2010,-10.68055515,16738.72727,-13.94633184,16.11700297,385.7510459
276.5,2010,2.997472637,15150.01493,-14.51264325,16.09551049,359.5993848
277.25,2010,2.01782862,15142.61429,-14.78367141,16.03164138,351.4763397
277.5,2010,2.30749995,15444.07353,-14.96514704,16.00120288,344.7547908
278.25,2010,4.513512049,15953.41538,-15.11489382,16.00001374,338.4547363
278.5,2010,5.378116977,16485.38462,-15.16630456,16.00827374,333.4954604
279.25,2010,-13.4664798,16788.04839,-14.89827091,16.02453055,331.3410152
279.5,2010,-20.97142429,16959.75758,-14.59628937,16.05731666,329.3009093
280.25,2010,-5.244250771,17425.76923,-14.60407228,16.06525704,328.4906316
280.5,2010,-5.552463809,17678.60938,-14.60276562,16.08107045,328.2147675
281.25,2010,-3.942833338,17857.22059,-14.56760586,16.11634869,328.2316185
281.5,2010,-10.57898518,17306.71642,-14.61888208,16.09917027,324.3370894
282.25,2010,-9.694015,16999.12121,-14.69642727,16.06371525,320.9664538
282.5,2010,6.680871945,16584.81538,-14.71246154,16.02060002,313.7327834
283.25,2010,10.07383094,16391.04478,-14.70805827,15.94429401,304.8215359
283.5,2010,7.409697643,16041.29231,-14.46864157,15.95212612,301.2475675
284.25,2010,10.06435284,15982.97015,-14.45306725,15.86132381,294.9029099
284.5,2010,7.869120409,15529.86364,-14.19875916,15.85213172,294.5807574
285.25,2010,1.718425538,14950.13846,-13.86810772,15.8749969,300.6346459
285.5,2010,1.471481538,14667.27692,-13.86786,15.82383532,293.3577543
286.25,2010,2.35100005,14341.71212,-13.92358489,15.77893784,285.6377577
286.5,2010,6.887050805,13355.89394,-13.75642274,15.81661363,283.5695449
287.25,2010,17.64946168,12702.86154,-13.78768003,15.79201232,278.8376765
287.5,2010,17.4460001,12423.12121,-13.93474247,15.70069091,279.7252576
288.25,2010,14.18201473,12227.49254,-14.06644334,15.60058507,279.4106887
288.5,2010,12.7895755,12380.31818,-14.21723943,15.46464391,279.7946985
289.25,2010,7.55536621,12469.57746,-14.14852537,15.39375487,271.2994234
289.5,2010,9.2255457,13175.63636,-14.31711062,15.2508833,271.5544709
290.25,2010,8.60900495,13788.95455,-14.35894695,15.16651515,267.6088493
290.5,2010,8.557168958,14235.73134,-14.4196895,15.08028357,263.5682829
291.25,2010,15.67747793,15392.92754,-14.65638404,14.96272028,270.3202439
291.5,2010,22.17284856,16333.39394,-14.83389084,14.89368178,275.1028909
292.25,2010,20.46611536,16335.22951,-14.88425405,14.84640645,272.7262921
292.5,2010,24.77720775,16525.73585,-14.98491883,14.80136777,273.4164884
293.25,2010,30.3880005,16809.04545,-15.06488632,14.76837708,276.2017711
261.25,2011,1.612,15037.0303,-6.966969988,19.94333336,158.6959996
261.5,2011,0.124621646,15380.4,-7.00209262,19.85283393,160.9345989
262.25,2011,-1.34998995,15686.58333,-7.029928305,19.74489008,167.7309654
262.5,2011,-0.230959333,15828.52632,-7.040228565,19.67887376,181.588842
263.25,2011,-4.468885408,15788.40984,-7.061984562,19.64918037,193.1714753
263.5,2011,2.682593333,15799.11111,-7.143444446,19.71639533,222.6753496
264.25,2011,27.67350005,16115,-6.949812211,19.84843278,218.0784516
264.5,2011,31.4468468,16056.47692,-6.933297082,19.89939076,215.0328907
265.25,2011,31.09013987,15859.65625,-7.125895784,19.90579223,214.0690296
265.5,2011,28.1500466,15635.32308,-7.393758785,19.95397544,209.4899527
266.25,2011,9.894177183,14943.26563,-7.670869233,19.98196408,208.1925936
266.5,2011,-0.925649761,14781,-7.77341747,19.94533741,204.4974324
267.25,2011,6.985090464,14896.22727,-7.83799425,19.90732132,205.7428022
267.5,2011,9.807984317,15085.57813,-7.919400484,19.78214392,216.4050772
268.25,2011,13.76566657,15521.10606,-8.006019827,19.5796729,228.7595293
268.5,2011,10.78275395,15863.81538,-8.010420443,19.43809861,235.8704449
269.25,2011,12.90918725,16446.28125,-8.060265463,19.30763763,239.3518112
269.5,2011,10.3599949,16843.46875,-8.043005472,19.21200159,237.5106709
270.25,2011,6.486883019,17283.39683,-7.996714624,19.09316671,234.1559998
270.5,2011,5.412738462,17606.84615,-8.009149226,19.01493075,233.3830928
271.25,2011,7.011164278,18135.34328,-8.145478043,18.88588205,233.841553
271.5,2011,15.29187839,19109.4697,-8.228283265,18.80343025,233.2571369
272.25,2011,23.16757208,19864.44444,-8.269698484,18.8084111,227.4297783
272.5,2011,28.552001,19812.9375,-8.232567733,18.88555617,220.6944537
273.25,2011,34.01052314,19657.96923,-8.175728085,18.97685981,213.4113704
273.5,2011,23.73346001,19943.01587,-8.280026603,18.88736334,210.2761596
274.25,2011,17.97638464,20284.46154,-8.293164272,18.84075675,205.6650466
274.5,2011,8.631958826,20314.55385,-8.242615506,18.88483065,200.4454153
275.25,2011,17.07861538,19779.29231,-8.378502788,18.98776014,196.7961529
275.5,2011,23.27015575,19693.54688,-8.69811453,18.95995797,195.8714676
276.25,2011,27.1569062,19792.96875,-9.02526547,18.84324069,198.118202
276.5,2011,4.938811599,20411.78261,-9.217173926,18.7041246,201.3445499
277.25,2011,2.970949345,21406.45455,-9.420913821,18.56765898,203.1314394
277.5,2011,12.63001473,22632.83582,-9.631869957,18.57157601,231.5790897
278.25,2011,9.378920451,23841.04478,-9.805568949,18.4655506,231.3966265
278.5,2011,8.658899642,24911.86364,-9.917829582,18.40503776,226.2718635
279.25,2011,18.39121073,25825.92308,-10.01086911,18.37026455,223.3223074
279.5,2011,30.30823871,26789.68657,-10.13166403,18.36048066,225.151298
280.25,2011,30.08627352,27324.22727,-10.19610619,18.36476224,223.0169997
280.5,2011,29.50320589,27785.45588,-10.25039349,18.35503539,227.2007502
281.25,2011,31.81681927,28537.31818,-10.34161814,18.3421834,241.6558031
281.5,2011,31.51478561,29134.41538,-10.35530156,18.34245851,256.9539541
282.25,2011,34.68224709,29466.72308,-10.36307541,18.33081694,258.976893
282.5,2011,31.19030192,29548.45455,-10.26922274,18.35698338,270.9881837
283.25,2011,20.32969877,28455.11111,-10.19883491,18.33636677,279.4509544
283.5,2011,12.51571836,25961.97183,-10.06798335,18.28355371,278.4762259
284.25,2011,6.629190897,23708.5,-9.911965135,18.25364261,259.7460616
284.5,2011,6.067772321,22270.24242,-9.815853477,18.22486375,243.127016
285.25,2011,8.498447913,20745.9403,-9.713770603,18.20580157,226.3494627
285.5,2011,7.70699975,19992.38235,-9.72020105,18.16628386,216.059941
286.25,2011,1.06401195,18627.33871,-9.585193694,18.1950355,208.5869507
286.5,2011,-6.518472439,17265.04478,-9.424735921,18.31946421,206.8527017
287.25,2011,-16.14412134,16425.25758,-9.351762083,18.35303936,203.8362279
287.5,2011,-17.62425367,16171.35821,-9.439542316,18.24644185,198.5918509
288.25,2011,-13.16849995,15816.77273,-9.642244732,18.1162909,194.5991666
288.5,2011,-8.768964452,16047.5,-9.879928379,17.95947268,194.8106216
289.25,2011,-3.614865722,16706.85075,-9.992725594,17.84450141,197.2406716
289.5,2011,-4.701570752,17869.81818,-10.12531344,17.73256958,202.9695301
290.25,2011,-0.1725005,19289.16176,-10.28220529,17.6344308,209.5886908
290.5,2011,3.263244943,21899.66176,-10.39479896,17.55620878,214.799
291.25,2011,9.46410968,26772.45714,-10.66126571,17.4482457,228.3778992
291.5,2011,5.688945522,27814.95522,-10.83187761,17.36371351,233.3964313
292.25,2011,9.09799005,28359.5,-11.01169029,17.26913064,239.4572732
292.5,2011,6.58792652,28216.37037,-11.12438888,17.20005007,243.8646661
293.25,2011,5.414033351,28445.27027,-11.21821085,17.1441325,248.8998648
293.5,2011,6.2540002,28754.16667,-11.30555001,17.08680851,249.4712486
263.5,2012,-19.6490002,3118,-9.729839584,16.54415207,151.9022809
264.25,2012,-44.92104017,3103.411765,-9.761228445,16.53779617,152.8338049
264.5,2012,2.156179152,3046.044776,-9.604190319,16.76620757,183.7947914
265.25,2012,4.265444239,3059.333333,-9.7595247,16.77460315,178.2895605
265.5,2012,1.007894388,2988.149254,-9.990998348,16.77731796,169.9193434
266.25,2012,8.207817809,2911.296875,-10.19644511,16.77725158,166.7589226
266.5,2012,0.289,2913.833333,-10.27265694,16.73871512,168.3174249
267.25,2012,1.077024862,2774.615385,-10.32298199,16.70738305,170.2995084
267.5,2012,0.369648185,2706.061538,-10.38154614,16.63018922,173.6956618
268.25,2012,0.075815523,2694.830769,-10.46186469,16.47114615,182.4583386
268.5,2012,-1.118180364,2686.515152,-10.44165051,16.39446218,189.3894387
269.25,2012,-5.1864898,2721.545455,-10.42346973,16.32989551,196.8462867
269.5,2012,-15.61696996,2979.909091,-10.24587137,16.33408177,206.63509
270.25,2012,-20.63824259,3227.348485,-10.31266077,16.34942263,217.4933331
270.5,2012,-20.81764209,3274.597015,-10.40235727,16.33855968,228.2143284
271.25,2012,-17.47782595,3165.285714,-10.51683074,16.26153655,232.9473964
271.5,2012,-21.20290924,3062.666667,-10.64001876,16.10590459,238.6457566
272.25,2012,-46.5249096,3179.636364,-10.79504188,16.08956526,266.8945895
272.5,2012,-81.00500105,2951.696429,-10.86109279,16.20312159,297.9584618
273.25,2012,-78.58588155,3183.382353,-10.99969697,16.12643394,304.4542932
273.5,2012,-70.77219429,3090.358209,-11.10298202,16.11472241,306.9968198
274.25,2012,-67.08232503,2999.411765,-11.2161235,16.10278675,308.472926
274.5,2012,-70.42414948,2963.893939,-11.37682121,16.07903786,310.7156062
275.25,2012,-83.80299755,2974.078125,-11.54834218,16.04681717,314.6071715
275.5,2012,-85.25437013,3034.446154,-11.72945228,15.99464159,316.8443533
276.25,2012,-81.26820036,3091.923077,-11.87070459,15.94956768,317.2288912
276.5,2012,-74.61427742,3072.415385,-11.91040922,15.93552149,315.9760921
277.25,2012,-70.75357448,3002.757576,-11.90148028,15.93637272,315.8846061
277.5,2012,-39.04829114,4722.323077,-12.12251689,15.67521695,301.2996009
278.25,2012,9.4825101,7016.828125,-12.31315467,15.46280164,286.6379886
278.5,2012,13.77212328,7327.4,-12.48779994,15.37900774,292.2445566
279.25,2012,10.89773182,7331.424242,-12.82810446,15.10884696,305.5984876
279.5,2012,8.3445101,7315.890625,-13.02801241,14.96903433,317.0833912
280.25,2012,7.189407629,7222.492063,-13.1069349,14.9134444,324.1029513
280.5,2012,2.487218557,7090.447761,-12.97682241,14.97386411,322.8651182
281.25,2012,15.5841693,7187.646154,-13.24739699,14.83184612,327.234275
281.5,2012,15.4034996,6934.176471,-13.19700889,14.86115144,315.9044387
282.25,2012,6.08102515,6976.4,-13.01894861,14.93607993,304.5039267
282.5,2012,6.850761294,6887.910448,-12.86838056,14.99138646,294.7911031
283.25,2012,19.12838432,6565.538462,-12.90810614,15.03167988,287.2066603
283.5,2012,12.06949711,6466.537313,-12.42397757,14.94275517,285.7603118
284.25,2012,0.979218021,6207.820896,-12.27265971,14.90091046,280.0160882
284.5,2012,-0.270242273,6299.045455,-12.25545152,14.92561971,273.2396811
285.25,2012,1.089495,6440.191176,-12.25587797,14.91524856,269.5569844
285.5,2012,0.563625043,6567.26087,-12.30348989,14.8730131,268.8611879
286.25,2012,2.63049005,6659.078125,-12.24328905,14.88888285,261.6533604
286.5,2012,12.3071667,6678.294118,-12.18742357,14.91493676,254.3266772
287.25,2012,19.0774994,6624.409091,-12.20410305,14.89762269,253.6643483
287.5,2012,18.99327673,6659.323077,-12.27389391,14.84489534,258.3840614
288.25,2012,11.26209453,6966.447761,-12.35271495,14.76325374,264.5845806
288.5,2012,-7.091746361,7633.791045,-12.2257537,14.77427178,260.7336838
289.25,2012,0.850909412,7894.794118,-12.53504265,14.56088686,270.6135857
289.5,2012,1.690174078,8346.880597,-12.6699075,14.44663593,276.0736398
290.25,2012,-1.967485684,8863.014706,-12.75127508,14.36442214,277.3546609
290.5,2012,-9.26450625,9556.318182,-12.753944,14.35435759,274.5378335
291.25,2012,-22.2476665,10021.34848,-12.9145637,14.25959086,271.4163032
291.5,2012,-17.34137288,10391.04478,-13.19957313,14.07146568,272.2411802
292.25,2012,-11.85435704,10714.61667,-13.40333668,13.97740164,274.7696686
292.5,2012,-7.876481054,10992.44231,-13.53069806,13.92249611,276.4145027
293.25,2012,-14.796,11380.79545,-13.60195448,13.84248406,272.5002299
261.25,2013,2.82498,11946.9,-9.63660055,19.45578985,378.3587494
261.5,2013,14.42195376,12011.46154,-9.608702811,19.4794245,367.4701228
262.25,2013,14.19061885,12184.73016,-9.629095305,19.43116019,362.3415082
266.25,2013,6.026,7895.970588,-10.16011026,19.58977346,374.0852625
266.5,2013,14.3125,7768.015625,-10.31405792,19.58943114,370.6106844
267.25,2013,18.05544629,7766.676923,-10.35681924,19.51311689,391.1369352
267.5,2013,15.9923388,7977.661538,-10.47744927,19.4315785,395.0234746
268.25,2013,9.441615003,8327.96875,-10.51642042,19.32882819,391.50842
268.5,2013,13.74550789,8877.936508,-10.49355571,19.24890803,396.015111
269.25,2013,13.62132313,9384.907692,-10.52871243,19.17008312,395.9068003
269.5,2013,22.05086623,9796.164179,-10.58050905,19.10493885,390.7513742
270.25,2013,28.71906201,10346.23438,-10.61812816,19.02097354,388.6489701
270.5,2013,31.38049969,10953.59091,-10.62111819,18.93736519,395.0609413
271.25,2013,28.33667155,11427.9403,-10.66030299,18.87191502,401.6727022
271.5,2013,26.49787488,11557.01563,-10.71192502,18.8438673,397.1704998
272.25,2013,55.5640299,11339.87692,-10.77536007,18.90999084,397.2488155
272.5,2013,89.17424406,10902.5303,-10.74632281,18.99498945,381.9612279
273.25,2013,79.53437531,10692.15625,-10.7405985,19.03644532,362.8679071
273.5,2013,80.83114922,10638.51515,-10.72208792,19.08115292,348.3476345
274.25,2013,82.22564582,10685.8,-10.75720616,19.09615077,341.2568129
274.5,2013,86.92858793,10589.63077,-10.79091386,19.12208922,341.0594426
275.25,2013,91.80200195,10189.62121,-11.09804393,19.11613485,338.3526639
275.5,2013,92.0012324,9745.640625,-11.44789533,19.04378754,335.5918431
276.25,2013,88.96399955,9533.0625,-11.76686407,18.94762819,334.3203607
276.5,2013,88.98362905,9716.892308,-11.81461844,18.96482775,322.5811716
277.25,2013,89.80228825,10080.69841,-11.87855078,18.96316029,314.0753852
277.5,2013,53.59570251,10268.10938,-11.82001715,19.04993895,312.6084266
278.25,2013,7.70397975,10451.48485,-12.06010752,18.96947566,316.0863832
278.5,2013,3.660875573,10677.20896,-12.44155367,18.80825356,317.7094203
279.25,2013,3.907933438,10860.43077,-12.81240299,18.64065061,320.8081247
279.5,2013,6.3634951,11169.83333,-13.05448629,18.51454691,332.2687124
280.25,2013,13.52061517,11737.29851,-13.27434322,18.39833584,345.4983889
280.5,2013,23.85569752,12117.13636,-13.30913182,18.36572132,346.5869395
281.25,2013,10.7255001,12143.76471,-13.20561767,18.43493832,337.3789408
281.5,2013,11.18879125,12250.76119,-13.1357612,18.47404189,325.5245074
282.25,2013,8.6434901,12172.82813,-13.13869065,18.39754852,330.2732654
282.5,2013,19.59920041,12587.04615,-13.17769387,18.47505384,305.0855981
283.25,2013,18.30215375,12633.4,-13.20028462,18.49725841,296.7179673
283.5,2013,34.94443322,12400.23881,-13.23887013,18.50517609,304.2238341
284.25,2013,48.20111997,12017.23881,-13.19348206,18.57480293,307.5514463
284.5,2013,48.6433087,11589.08824,-13.06959258,18.61366316,307.0757639
285.25,2013,49.743,11245.54412,-12.98715289,18.6448794,300.3911752
285.5,2013,30.8997912,10858.68657,-12.73489998,18.36791795,292.8267895
286.25,2013,33.38973832,10660.4058,-12.83158552,18.30565217,285.3112026
286.5,2013,30.64959991,10382.24615,-12.92924929,18.16255076,269.7681087
287.25,2013,30.83154571,10162.87879,-13.06576669,18.06495612,264.0312278
287.5,2013,34.35218454,10187.93846,-13.26013697,18.02105085,271.7672929
288.25,2013,42.29398354,10162.56667,-13.39197006,17.98686339,280.6497025
288.5,2013,55.4095001,10221.11667,-13.48050836,17.92955179,282.3629684
289.25,2013,42.47309912,10227.85246,-13.51368854,17.83757394,285.5923612
289.5,2013,39.53551655,10347.125,-13.50463436,17.77579391,289.0420928
290.25,2013,42.22965217,10473.61224,-13.51788565,17.75616946,291.6138573
290.5,2013,49.39349935,10653.17647,-13.51556164,17.72271471,296.1851187
269.25,2014,-4.283502322,10852.2381,-12.00605401,18.85708412,341.1500012
269.5,2014,-4.64849995,10700.64516,-12.03947418,18.76027735,344.3091933
270.25,2014,-1.348074963,10956.89231,-12.08194152,18.65481368,340.9358464
270.5,2014,-1.447820769,11206.87692,-12.1056846,18.55497836,329.0897855
271.25,2014,-2.70900005,11317.17188,-12.22477814,18.44339985,317.8526092
271.5,2014,-8.99474354,11097.64615,-12.4011969,18.31040914,320.3838149
272.25,2014,-25.22849233,11144.36923,-12.52927999,18.26856144,330.1963384
272.5,2014,-35.54249267,11441.36923,-12.63281386,18.27043225,330.6543401
273.25,2014,-33.81325561,11673.42857,-12.75094126,18.28124276,329.7791923
273.5,2014,-0.136340313,13763.28125,-11.81887499,18.81295625,311.6051083
274.25,2014,8.414131329,14254.52308,-11.69595847,18.90762617,307.6404165
274.5,2014,10.03105631,14945.27692,-11.87851236,18.91913232,313.1957261
275.25,2014,3.642928258,15393.2,-12.18193852,18.85543386,323.5143555
275.5,2014,2.467676198,15936,-12.57589846,18.7722016,337.5014696
276.25,2014,1.182631212,16591.81818,-13.01208786,18.62220299,352.0868799
276.5,2014,-0.226247954,17302.93846,-13.18800609,18.60201225,361.4801072
277.25,2014,1.045610854,18081.55556,-13.21420945,18.65254278,365.4731097
277.5,2014,-0.6934823,18770.65152,-13.24523329,18.70283176,370.088771
278.25,2014,1.273593354,19322.29231,-13.44131998,18.68163686,377.5505221
278.5,2014,4.531420717,19897.06061,-13.88188341,18.52223483,390.1774842
279.25,2014,10.04001945,20324.32836,-14.27663886,18.34599692,412.9873584
279.5,2014,11.45481104,20657.04478,-14.52914031,18.22917902,433.0821346
280.25,2014,7.814915303,21054.80303,-14.68756973,18.15311967,432.5523783
280.5,2014,10.93067652,20968.85075,-14.3388104,18.3269628,413.4677306
281.25,2014,16.28599985,20938.4,-13.93714301,18.51077247,383.0741864
281.5,2014,15.19318187,21360.33333,-13.83886207,18.53183036,363.8211536
282.25,2014,19.96405984,22159.85075,-13.9672283,18.45168209,354.4407781
282.5,2014,9.837439182,22754.45455,-14.09773629,18.39387573,355.611244
283.25,2014,5.05890826,23259.50769,-14.35208914,18.32902298,356.8439697
283.5,2014,2.885251692,23412.07692,-14.52388913,18.3168737,355.8876446
284.25,2014,3.256567441,23438.53125,-14.51595773,18.38754677,353.9673424
284.5,2014,7.12298364,23665.98462,-14.46283382,18.44014925,345.5283217
285.25,2014,8.472827982,24071.5,-14.35787882,18.47000163,333.8080278
285.5,2014,45.30009184,25958.67692,-13.5377924,18.79526152,340.2728009
286.25,2014,29.26545455,25147.75758,-14.18855616,18.42600314,333.344015
286.5,2014,34.91087724,25595.81538,-14.29301699,18.29090477,341.888246
287.25,2014,20.1166466,25558.21538,-14.66022619,18.00585706,329.0527222
287.5,2014,2.380014375,26186.625,-15.02164378,17.76431088,319.3985624
288.25,2014,0.97606615,26723.12903,-15.19903872,17.70886446,322.5630631
288.5,2014,6.549260239,26814.34091,-15.25521135,17.68851819,323.9199517
263.25,2015,55.57539187,4922.78125,-6.886140748,17.46269058,317.9296727
263.5,2015,70.7804985,4847.890625,-6.731692964,17.55461245,278.0194862
264.25,2015,85.46613901,4423.661538,-6.642974609,17.66651065,256.0282788
264.5,2015,91.79001555,4360.460317,-6.719286159,17.65486336,253.7583504
265.25,2015,99.5400009,4245.265625,-6.854714034,17.6503124,251.6827025
265.5,2015,107.6501876,4128.875,-7.045151527,17.64989523,251.2060304
266.25,2015,111.0794983,4011.15625,-7.270270766,17.63216096,256.0462022
266.5,2015,110.3792674,3921.142857,-7.503724916,17.58284929,266.5726335
267.25,2015,109.6139102,3897.014925,-7.683522127,17.53811657,278.1898801
267.5,2015,105.8785223,3956.015385,-7.877363602,17.45955705,291.5463686
268.25,2015,103.6493486,4048.539683,-7.962560514,17.36719053,305.6035549
268.5,2015,101.9068159,4172.787879,-7.962323217,17.29103493,312.4777573
269.25,2015,6.518126115,4362.621212,-7.929368647,17.21828805,313.3440598
269.5,2015,7.4295001,4338.348485,-7.964105964,17.12584401,318.2674699
270.25,2015,11.55135826,5083.552239,-7.982602248,17.08553443,307.3844017
270.5,2015,7.726297177,5300.707692,-8.013133695,16.99340463,307.373414
271.25,2015,3.535151818,5459.287879,-7.982606217,16.88748025,306.1277729
271.5,2015,6.446322971,5754.292308,-8.08869768,16.80090758,301.0160156
272.25,2015,4.684517534,5424.292308,-8.214650872,16.65236755,305.125046
272.5,2015,7.134139741,5716.6875,-8.318462736,16.63675768,303.797689
273.25,2015,9.008378785,6445.393939,-8.419181021,16.67082117,293.3040462
273.5,2015,-9.488238855,6049.701493,-8.005681167,16.909903,287.5838664
274.25,2015,1.985995077,4796.323077,-7.524891982,17.18626932,304.0540922
274.5,2015,5.26914177,5383.69697,-7.765631379,17.3162895,323.2552703
275.25,2015,9.101661288,5781.58209,-7.908691827,17.42682246,332.0698935
275.5,2015,5.63982783,5548.227273,-8.273404741,17.30067586,336.0399827
276.25,2015,5.98829831,5571.820896,-8.57108989,17.20254033,337.6827743
276.5,2015,9.35247515,6654.3125,-8.487078328,17.33182808,332.1670766
277.25,2015,7.001571743,6944.283582,-8.544497566,17.33741341,334.2668954
277.5,2015,4.93712115,7292.546875,-8.741344031,17.29430306,342.9626746
278.25,2015,3.853748653,7844.953125,-9.048775136,17.1929937,357.2174406
278.5,2015,10.00076035,8498.253731,-9.246402942,17.15260003,381.9829739
279.25,2015,9.265891245,9265.261538,-9.625571546,16.91708771,396.567018
279.5,2015,6.218116827,9914.428571,-9.954203665,16.7406856,407.4305575
280.25,2015,4.907179125,10291.78462,-10.12179201,16.64963528,414.0700918
280.5,2015,-2.950726119,10380.28358,-10.10836281,16.64809542,411.8584176
281.25,2015,-7.993515,10407.66667,-9.954474807,16.73957625,405.3125415
281.5,2015,-11.20914916,10946.52239,-10.081751,16.65283126,402.3503131
282.25,2015,-6.672691394,11414.13433,-10.0270588,16.68617006,393.436748
282.5,2015,-2.391363846,11791.98462,-9.942092486,16.76003526,389.8393724
283.25,2015,-1.73966189,12581.97015,-10.18825422,16.69914473,388.4743903
283.5,2015,2.519348891,12838.54545,-10.27397396,16.73017114,384.1094407
284.25,2015,5.136889564,12530.21739,-10.20202696,16.82865076,376.7133634
284.5,2015,4.409854552,12246.66667,-10.16626958,16.87464393,364.911229
285.25,2015,3.694537363,11838.31343,-10.04877211,16.90301786,356.4869553
285.5,2015,-11.9631998,11209.56923,-9.820724926,16.94894148,355.6951538
286.25,2015,3.84048,10921.65152,-9.786946688,16.89906811,354.9510452
286.5,2015,2.463046155,10891.67692,-9.910683925,16.74636457,355.8715999
287.25,2015,2.920390416,12358.54839,-10.22205309,16.47294676,345.4840162
287.5,2015,3.8304751,13851.4697,-10.61403786,16.2391348,331.1973489
288.25,2015,-14.8865013,13753.83333,-10.27850955,16.18110755,343.6445003
288.5,2015,-35.06266631,14005.06061,-9.9433932,16.09346821,352.4716062
289.25,2015,-56.38023059,14819.50769,-10.10525604,15.94475392,345.3024005
289.5,2015,-55.67427189,15828.28788,-10.28568839,15.77653043,335.8269547
290.25,2015,-49.78623468,16833.57353,-10.4325093,15.62494276,327.0087653
290.5,2015,-44.30820938,17809.8806,-10.60246567,15.51493444,319.1475971
291.25,2015,-34.99842925,17540.35714,-10.81718565,15.61162867,318.4585956
292.25,2015,-49.4143081,20167.40476,-10.93444288,15.17228098,295.8736202
292.5,2015,-46.12614858,20728.25,-10.96491756,15.03912498,289.7325996
293.25,2015,-50.60469533,21071.41667,-10.94564451,14.98253887,286.9755546
293.5,2015,-53.480999,21396.75,-10.98660008,14.90645004,283.0387472
260.5,2016,10.2779999,4825.4,-7.706156007,17.69496675,274.163265
261.25,2016,18.73420016,4846.183333,-7.572900312,17.75752007,294.1404668
261.5,2016,22.89803096,4998.353846,-7.585682449,17.77077851,309.489355
262.25,2016,25.43800065,5225.75,-7.593161234,17.75724379,319.5272365
262.5,2016,27.44050025,5494.234375,-7.640014988,17.744236,329.4140487
263.25,2016,-0.7550051,5954.453125,-7.594603733,17.7864969,313.3635797
263.5,2016,0.412384615,6303.984615,-7.542199983,17.84398154,297.8397405
264.25,2016,0.817103385,6405.939394,-7.333247877,17.89160309,295.8718516
264.5,2016,2.363423917,6549.47619,-7.390688233,17.84477782,293.8779859
265.25,2016,1.646567344,6571.890625,-7.475177505,17.81157031,285.0510631
265.5,2016,0.405587206,6612.730159,-7.611661278,17.7699667,273.5954125
266.25,2016,4.8340149,6820.265625,-7.731744064,17.7426469,262.0291405
266.5,2016,2.908936719,6875.09375,-7.890415941,17.651636,255.6152024
267.25,2016,3.445147937,7045.920635,-8.02959223,17.56913179,256.5825878
267.5,2016,3.103899951,7266.84127,-8.190142679,17.45073176,263.0664445
268.25,2016,2.50201,7519.359375,-8.273333223,17.33885623,272.2485011
268.5,2016,4.145784363,7873.738462,-8.291651022,17.2557261,281.1466165
269.25,2016,7.254833427,8414.909091,-8.270343162,17.19909085,288.560515
269.5,2016,11.8559999,8893.84375,-8.327337959,17.13186563,293.2876563
270.25,2016,2.477040308,8865.476923,-8.35949676,17.02825691,292.6790166
270.5,2016,3.78348995,8852.015152,-8.414206227,16.933303,291.56794
271.25,2016,8.285548768,8774.569231,-8.493420014,16.86264147,294.0702768
271.5,2016,13.50039688,8879.333333,-8.576142384,16.9180507,305.2620157
272.25,2016,24.5704994,9091.609375,-8.62700018,16.94647016,312.0724678
272.5,2016,29.05293955,9478.484848,-8.538030659,17.00507717,323.0636347
273.25,2016,29.89900015,9806.712121,-8.291702133,17.06903933,330.6088631
273.5,2016,20.09295382,10057.07692,-8.132913118,17.12254761,338.747968
274.25,2016,4.708753183,10060.07692,-8.159728469,17.14871374,340.5270752
274.5,2016,-1.356509906,10063.96875,-8.328656389,17.20854831,335.8492484
275.25,2016,0.350630609,10146.95522,-8.432955228,17.34231781,326.9819555
275.5,2016,3.783123437,9981.584615,-8.632174257,17.34648912,312.1336313
276.25,2016,5.37899995,10054.28125,-8.813156489,17.29625457,303.4151425
276.5,2016,4.480078225,10674.875,-8.783938388,17.39310919,302.0709877
277.25,2016,5.443227441,11052.125,-8.854136372,17.4280436,304.423986
277.5,2016,4.199885176,11135.74627,-9.157380893,17.32357597,306.6781493
278.25,2016,4.338059494,11361.59091,-9.514210174,17.26115602,308.1600591
278.5,2016,-1.972627025,11665.55224,-9.981751251,17.04942399,307.5909082
279.25,2016,-0.878489462,12074.44615,-10.41853112,16.83561862,306.7949815
279.5,2016,1.07602,12101.98438,-10.77106784,16.70426723,308.8809505
280.25,2016,-0.148810277,11773.44615,-11.02956311,16.59161698,312.6356422
280.5,2016,0.202124594,11306.28125,-11.02018752,16.62107038,311.2502613
281.25,2016,-0.412067231,11059.49231,-10.89553233,16.69028156,308.0765348
281.5,2016,6.054978521,11007.52381,-10.65765553,16.79353487,310.1023632
282.25,2016,12.5409999,11102.02857,-10.3054024,17.00020574,326.1811279
282.5,2016,11.7674154,11491.01538,-10.25914147,17.00664928,330.8584463
283.25,2016,16.3585383,11928.32308,-10.21391994,17.02896455,325.027647
283.5,2016,17.71519318,12170.44776,-10.20108269,17.05400441,312.7409996
284.25,2016,13.90734317,12063.9403,-10.30821792,16.99699991,309.6995371
284.5,2016,8.963037494,11590.45313,-10.43756344,16.95627016,317.0674849
285.25,2016,7.970759759,11674.85294,-10.35818939,17.01860585,319.3573824
285.5,2016,4.110482102,12386.92308,-10.32455105,16.9926139,319.1363558
286.25,2016,5.335319646,13093.8,-10.25137785,16.98908615,315.0289105
286.5,2016,5.461188384,13783.95313,-10.2775216,16.87778124,308.5111594
287.25,2016,17.5305798,13977.66667,-10.37681076,16.72053852,308.4974253
287.5,2016,14.25956265,12859.71429,-10.73616618,16.35138215,318.8770545
288.25,2016,21.26137166,12229.9434,-10.89827932,16.15955668,309.897549
288.5,2016,36.45939997,12164.575,-10.95506251,16.09381013,300.3365006
289.25,2016,35.5680008,11836.10526,-11.02365267,16.02088964,294.9264205
289.5,2016,28.4029999,11599.52632,-11.22243159,15.85777378,305.2099465
290.25,2016,26.06799985,11866.91176,-11.30032647,15.79866479,314.2583214
290.5,2016,14.93263132,13008.90476,-11.42664529,15.62540005,327.0222364
291.25,2016,-0.565283122,13667.73171,-11.51021956,15.51615362,329.5141691
291.5,2016,-0.96698,13994.29412,-11.5556942,15.47152935,331.5784104
260.25,2017,10.8789997,6480.058824,-10.99271175,17.19260609,421.6632942
260.5,2017,15.07820001,6244.333333,-11.00808164,17.21181508,421.7538305
261.25,2017,3.509306825,6210.968254,-11.10974601,17.19391285,425.8476475
261.5,2017,-0.227990862,6253.953846,-11.13866307,17.1903463,429.3883362
262.25,2017,9.676762005,6065.460317,-11.2720492,17.16522227,434.8013325
262.5,2017,9.444533603,6301.079365,-11.30150956,17.12669836,431.7372858
263.25,2017,7.121985127,6195.716418,-11.14832841,17.19194327,410.4538196
263.5,2017,5.292843381,5904.625,-10.94097501,17.3108187,375.6129203
264.25,2017,1.100457624,5813.238095,-11.02857776,17.34976175,361.2055214
264.5,2017,-1.3066262,6000.307692,-11.15680764,17.31459981,364.7422138
265.25,2017,4.439451077,6217.030769,-11.30408149,17.31994752,367.1291992
265.5,2017,3.541897077,6318.123077,-11.47647685,17.3004891,378.7575698
266.25,2017,2.158174718,6446.707692,-11.68453073,17.30385378,391.1792316
266.5,2017,4.42349005,6695.419355,-11.85086444,17.25539189,402.3018878
267.25,2017,3.019555398,7095.920635,-12.00680792,17.1631205,406.5640332
267.5,2017,2.375769231,7622.507692,-12.13811076,17.04059527,405.2911706
268.25,2017,3.878323278,8232.546875,-12.21559535,16.92277327,399.119843
268.5,2017,3.419282255,9011.615385,-12.21048308,16.80111218,386.0657048
269.25,2017,1.597970106,9739.676923,-12.21250313,16.69575216,375.7396437
269.5,2017,0.828143015,10170.78462,-12.25350159,16.60159226,382.7955825
270.25,2017,3.928756309,10422.625,-12.30900315,16.51345474,398.646153
270.5,2017,3.82376625,10526.0625,-12.3243547,16.43126884,420.6182013
271.25,2017,7.002200818,10800.16923,-12.42147844,16.43465087,428.4874005
271.5,2017,9.547771594,10969.19048,-12.5484635,16.40899365,430.5769208
272.25,2017,8.086786267,10719.14063,-12.40829536,16.44885615,430.6441403
272.5,2017,8.280747673,10474,-12.18392732,16.52828468,422.159409
273.25,2017,11.22792273,10276.78462,-11.96885843,16.62883823,410.9059528
273.5,2017,5.158135261,10360.51563,-11.87798904,16.62610602,407.8027964
274.25,2017,4.413901406,10228.40625,-11.99524843,16.68354675,397.3163438
274.5,2017,5.874436303,9700.353846,-12.11641382,16.83130614,383.4501545
275.25,2017,5.174954403,9366.8,-12.2008723,16.9507338,371.8983234
275.5,2017,2.785344176,9796.920635,-12.4988667,16.84370167,366.150285
276.25,2017,5.484622498,10039.22222,-12.57448255,16.91400818,361.0963004
276.5,2017,5.528083135,10215.10294,-12.61565144,17.03998257,362.1304263
277.25,2017,6.9194492,10634.56061,-12.79111511,17.03857437,366.382954
277.5,2017,6.846035048,11306.75758,-13.2636484,16.85861224,383.1706219
278.25,2017,-0.313911457,12235.31429,-13.97207282,16.51360435,412.7201447
278.5,2017,-1.369964061,13094.81818,-14.57438334,16.23638177,428.6958493
279.25,2017,-0.594269585,13906.96923,-15.07793688,16.01853675,435.5739234
279.5,2017,-2.16949495,14732.95313,-15.58814684,15.7749389,442.6910148
280.25,2017,-2.387485,15304.80303,-15.86083934,15.62747267,443.4836356
280.5,2017,2.510788485,15322.9697,-15.6468711,15.74813483,447.5376809
281.25,2017,5.647537991,15229.87692,-15.36776608,15.89954007,447.7831693
281.5,2017,1.280759327,15691.01563,-15.37181869,15.87153754,437.414484
282.25,2017,-4.23200603,15751.30159,-15.27029683,15.94289684,424.4533648
282.5,2017,-1.069392985,15777.65672,-15.16939258,16.01431198,400.490417
283.25,2017,0.087017545,15523.86364,-15.06418034,16.06849247,372.3275618
283.5,2017,0.978500123,15151.83077,-15.01857847,16.10195085,354.3498023
284.25,2017,0.54805297,15248.57576,-15.28625912,16.01191822,348.9536997
284.5,2017,-0.736668697,15111.62121,-15.54412433,16.00949856,355.4308957
285.25,2017,1.317082917,14556.69231,-15.38053855,16.06733239,361.1624169
285.5,2017,2.922661467,14291.90909,-15.33216519,16.07013649,371.4815604
286.25,2017,0.505970624,14263.08955,-15.34561941,16.03506726,379.248312
286.5,2017,-16.74823205,15856.80597,-15.56031642,15.6608194,372.4348031
287.25,2017,-35.41362777,17475.76119,-15.71701194,15.26694025,362.9853415
287.5,2017,-14.15292338,17970.76923,-15.92558158,15.1935923,353.5157213
288.25,2017,-2.791964544,18245.87037,-16.05234826,15.13121855,350.0720537
288.5,2017,-2.368807228,18297.19565,-16.13479797,15.04456092,353.06413
289.25,2017,-22.2119545,17315.09231,-15.98330314,14.88896928,385.6294293
289.5,2017,-16.99300005,17099.8125,-16.16335489,14.80522192,384.6450462
290.25,2017,-14.28092218,16795.4375,-16.293483,14.73458127,383.3086414
290.5,2017,-7.2690426,16655.7193,-16.41785108,14.66853511,383.9903179
291.25,2017,0.318120736,16601.71429,-16.52867876,14.64425477,385.0517171
291.5,2017,-6.3270302,17364.66667,-16.7055749,14.39973331,394.7818743
292.25,2017,-6.4470201,17500.80952,-16.75746653,14.37399524,395.350381
260.25,2018,7.597275577,5198.446809,-10.51662767,20.06648948,339.4789377
260.5,2018,2.603460905,5110.920635,-10.58146991,20.07956035,339.156779
261.25,2018,0.420684619,5039.555556,-10.65813819,20.07658105,346.6535412
261.5,2018,1.7939915,4914.19697,-10.68988798,20.07545007,356.1781681
262.25,2018,-0.462161524,4556.904762,-10.84978896,20.04697458,349.9770338
262.5,2018,13.72195253,3813.460317,-10.64625248,20.13896173,326.7636515
263.25,2018,11.59850025,3624.467742,-10.51942753,20.21824988,323.4145956
263.5,2018,3.2079899,3583.757576,-10.55345462,20.22664084,326.3261959
264.25,2018,-3.156384666,3543.276923,-10.64231545,20.22807681,331.0208299
264.5,2018,0.294318185,3605.738462,-10.74808926,20.23246604,329.6486459
265.25,2018,-0.022621963,3848.861538,-10.84932768,20.26757537,315.5899384
265.5,2018,-0.565700094,3897.890625,-11.02177037,20.28238592,302.3593278
266.25,2018,-1.089696554,4203.307692,-11.18097387,20.31849383,275.2028762
266.5,2018,0.13949605,4399.71875,-11.33968753,20.31925151,253.7180004
267.25,2018,0.3054965,4524.09375,-11.4975922,20.26010466,238.5811725
267.5,2018,1.987104792,4669.96875,-11.62101875,20.18949223,229.5968754
268.25,2018,4.13052,4985.191176,-11.72793672,20.11154281,229.836838
268.5,2018,4.728747952,5369.569231,-11.81393685,19.98232936,234.698846
269.25,2018,3.75400005,5782.893939,-11.93076966,19.87193495,241.5351063
269.5,2018,2.121754103,6015.553846,-12.04527534,19.79884001,244.0360617
270.25,2018,0.727924692,6172.907692,-12.1362784,19.71192918,246.6670004
270.5,2018,2.155691215,6347.075758,-12.22646206,19.66678941,251.0849697
271.25,2018,0.8659975,6509.984375,-12.3417406,19.65477029,257.2546246
271.5,2018,-2.58603,6529.421875,-12.48522656,19.6398547,260.010905
272.25,2018,-0.8275768,6407.969231,-12.47645077,19.69842928,260.5405994
272.5,2018,-3.354306772,6180.921875,-12.41882817,19.79497504,258.3699997
273.25,2018,-4.613198507,6190.626866,-12.35466276,19.91778515,256.1633729
273.5,2018,6.05215197,6883.848485,-12.23976069,20.07490018,260.9341967
274.25,2018,4.768108975,7348.815385,-12.19121236,20.17992327,259.0127068
274.5,2018,2.75098,7712,-12.10854241,20.32875312,257.2297114
275.25,2018,0.075531,7990.393939,-12.19277422,20.35979999,252.503424
275.5,2018,-0.04946297,8213.590909,-12.43321964,20.29830297,245.988287
276.25,2018,-0.796509,8640.171875,-12.48575154,20.33771867,249.244391
276.5,2018,-1.071667091,9069.984848,-12.49380756,20.40731344,259.8355003
277.25,2018,-3.24746495,9510.455882,-12.69043379,20.33758657,270.3918533
277.5,2018,-1.911760051,9890.615385,-12.9564446,20.23439522,281.9473548
278.25,2018,2.62149005,10203.15625,-13.2886172,20.09361556,284.7620473
278.5,2018,3.949236774,10682.24615,-13.63714308,19.89621693,279.6266611
279.25,2018,1.258303698,11212.26563,-14.03042502,19.63551881,270.3810003
279.5,2018,5.776751343,11662.52239,-14.10933587,19.56438056,260.5356263
280.25,2018,7.524150782,11826.94118,-14.21172504,19.49625594,250.9018528
280.5,2018,4.145303723,11871.72308,-14.14139387,19.52863542,242.2552769
281.25,2018,-0.564360606,11849.5,-14.09036217,19.57073629,235.7701527
281.5,2018,1.546569643,11718.8,-13.99277846,19.64152606,238.8262315
282.25,2018,-0.499835556,11625.52381,-13.96072228,19.67685388,249.8059048
282.5,2018,2.01498505,11234.24242,-13.77586369,19.7926258,266.7883026
283.25,2018,1.37164697,11200.34848,-13.68462276,19.79855318,268.0750309
283.5,2018,1.07803244,11207.61194,-13.60710301,19.82122838,264.5184629
284.25,2018,7.196510406,11165.29688,-13.45114219,19.86963279,251.2364063
284.5,2018,17.54184627,10982.07692,-13.23822306,19.99528304,233.6961391
285.25,2018,16.76283035,10845.18462,-13.1973954,20.04870761,225.2277539
285.5,2018,0.750486906,11021.77612,-13.65181488,19.80269392,220.7982526
286.25,2018,-1.156175254,10865.1791,-13.65021333,19.7435939,206.7297905
286.5,2018,31.87563297,10471.07353,-13.42586615,19.87060286,216.599602
287.25,2018,27.22428774,10933.91525,-13.73195086,19.37047623,180.3283389
287.5,2018,11.67287714,11436.08772,-13.77358418,19.22848943,174.8638415
288.25,2018,2.982528483,11730.35849,-13.80019619,19.17053018,171.2126223
288.5,2018,-59.27200016,7854.594203,-13.10107675,18.99918252,203.0923033
289.25,2018,-45.36899945,8020.090909,-12.92390145,18.94224092,188.2564378
289.5,2018,-44.90624678,8157.405797,-13.11376662,18.85548989,185.6713456
290.25,2018,-42.00098397,8313.061538,-13.33606612,18.75746152,183.0720598
290.5,2018,-42.09117621,8566.470588,-13.52458674,18.68999999,177.796102
291.25,2018,-48.54437211,8978.342857,-13.6465157,18.63228434,170.8447994
291.5,2018,-51.0185013,9533.106061,-13.72133938,18.612688,167.4106212
292.25,2018,-50.890501,10163.15152,-13.92241214,18.54040614,164.1635761
292.5,2018,-52.15291229,10701.55882,-14.17631621,18.44584863,160.3109261
293.25,2018,-55.41641013,11163.68182,-14.33556366,18.3777395,158.9039228
293.5,2018,-49.2834988,11652.31818,-14.43883037,18.31223939,161.4316654
294.25,2018,-40.74050145,11897.07813,-14.45313445,18.26079381,167.0988114
294.5,2018,-35.96533405,12078.46667,-14.55224175,18.1704567,168.6934489
260.25,2019,-5.7250099,11502.15,-8.003249585,19.21241016,325.6101013
260.5,2019,-7.58208907,11515.76,-8.045726286,19.203722,330.9906219
261.25,2019,-6.967136668,11569.76271,-8.047440407,19.20407456,332.5918145
261.5,2019,-9.690856669,11752.64615,-8.039138209,19.19322304,339.5328008
262.25,2019,-18.8566827,12031.25397,-7.994777476,19.18197613,346.4173807
262.5,2019,-37.4074841,12392.51613,-7.951284855,19.16636439,354.6863216
263.25,2019,-38.20162729,12229.08475,-8.018423897,19.14202034,378.6388617
263.5,2019,-17.57381973,11269.63492,-7.950867481,19.25974443,428.2294123
264.25,2019,-4.84672948,10812.59375,-7.832431725,19.3833344,444.814642
264.5,2019,-7.411641328,10753.66154,-7.97459432,19.34116938,438.103464
265.25,2019,-10.08360932,10648.92188,-8.160364231,19.30720955,427.1960492
265.5,2019,-5.68303235,10697.98438,-8.370015834,19.25735173,413.6872668
266.25,2019,-4.79196938,10994.44615,-8.595072185,19.21108478,399.539693
266.5,2019,-3.751697538,11328.27692,-8.790959403,19.14899392,389.5260019
267.25,2019,-2.806,11688.125,-8.965818298,19.06761247,390.9934087
267.5,2019,-3.525244435,12105.36508,-9.171678132,18.95265395,402.3472566
268.25,2019,-5.029708152,12566.90769,-9.281395722,18.85905689,411.1478173
268.5,2019,-6.260486615,13113.81538,-9.366026335,18.71616464,415.9442777
269.25,2019,-3.778686922,14211.4,-9.422333437,18.58242936,418.6860159
269.5,2019,-4.724384312,14641.30769,-9.506805738,18.45468777,414.8694618
270.25,2019,-6.90152005,14882.48438,-9.600332209,18.30925473,406.7064848
270.5,2019,-11.38537437,15288.13846,-9.562526125,18.2205231,398.9107239
271.25,2019,-20.4760008,15800.45313,-9.459587406,18.13374218,389.3784695
271.5,2019,-28.04090416,16607.36508,-9.625512722,18.03557141,388.7368886
272.25,2019,-18.41141449,17519.83333,-9.92333042,18.10614702,411.5879997
272.5,2019,-1.67748995,18188.59091,-10.05414967,18.26763023,442.6049389
273.25,2019,-4.929493797,18675.15385,-10.01606704,18.30044447,448.1582458
273.5,2019,-8.127383684,18291.55224,-10.03157916,18.36868491,465.7000605
274.25,2019,-11.57761179,18789.14925,-10.18568423,18.34907902,461.8076427
274.5,2019,-11.88492187,18658.48438,-10.38909117,18.35302654,451.3137822
275.25,2019,-10.0955641,18185.96923,-10.56643177,18.3784954,431.0306007
275.5,2019,-6.880492437,18131.86567,-10.75949151,18.35762991,412.7394181
276.25,2019,-3.61748995,16916.92188,-10.63568967,18.49846249,409.7427025
276.5,2019,-2.429990478,15662.53968,-10.58240538,18.59576349,429.7966662
277.25,2019,-3.844604715,15762.75385,-10.8378432,18.50008456,448.7055852
277.5,2019,-8.497980105,16766.27692,-11.31716875,18.28078311,456.7023705
278.25,2019,-10.8225387,17476.78462,-11.90227231,18.03742013,453.2553096
278.5,2019,-4.132884897,16751.95455,-12.19051818,18.01209245,468.5261688
279.25,2019,1.5791508,17374.95385,-12.57352153,17.86090757,469.7101553
279.5,2019,-0.055938913,17770.79104,-12.77068661,17.73657605,469.7385668
280.25,2019,-0.889773651,18199.58209,-12.94404931,17.62693274,462.830745
280.5,2019,-1.510547463,18565.35821,-12.84001795,17.6282372,448.3853883
281.25,2019,5.6920199,18691.28788,-12.43650312,17.83255453,422.6895622
281.5,2019,1.325471683,19303.4127,-12.5098556,17.74449201,412.8791296
282.25,2019,4.199653563,19573.28571,-12.40755998,17.80536848,401.1185172
282.5,2019,-0.018626848,19506.51515,-12.31999843,17.86308922,390.8701699
283.25,2019,2.371238947,18947.45455,-12.1706454,17.91031958,367.8184574
283.5,2019,6.2382498,18279.01587,-11.99220633,17.98907446,340.0260809
284.25,2019,2.31660174,17809.73134,-11.91118507,17.97876255,325.5772099
284.5,2019,-2.7785001,17382.65625,-11.85437815,17.97762805,321.5034852
285.25,2019,-2.407540858,17020.36364,-11.76321976,18.01444386,322.3579555
285.5,2019,15.21259716,16851.20896,-11.74619706,18.00634029,328.0809249
286.25,2019,16.97450065,17152.66667,-11.90968941,17.93938181,342.005833
286.5,2019,2.294005,17247.95455,-12.05376819,17.90068933,358.393514
287.25,2019,-8.700732618,17990.95455,-12.79397727,17.32260444,394.8705615
287.5,2019,-13.17400025,18692.33333,-12.89902273,17.05801973,394.0229414
288.25,2019,-6.551648805,18587.4918,-12.99775078,16.97934433,404.2805751
288.5,2019,45.39492044,17392.5,-12.90195804,16.8539161,399.0550818
289.25,2019,43.1506607,16240.52941,-12.81751319,16.71759552,384.5816776
289.5,2019,34.77149965,15598.21212,-12.79516964,16.56930299,378.2973952
290.25,2019,40.75025459,16545.71642,-13.16615812,16.45933436,396.6230154
292.5,2019,40.2050018,17018.13043,-13.50107388,16.06213469,364.2746954
293.25,2019,32.26970801,16271.92683,-13.30441457,16.18677814,363.1895104
293.5,2019,27.2919998,15538.46667,-13.20408675,16.26751341,361.4848653
296.25,2019,-8.4939899,16731.7619,-13.21036184,16.02686663,293.1027614
296.5,2019,-10.74116322,16809.73684,-13.21424996,16.00922363,291.3150514
260.5,2020,-2.8410679,7888.066667,-8.072125431,-8.072125431,7888.066667
261.25,2020,0.436462933,7559.783333,-8.043927573,-8.043927573,7559.783333
261.5,2020,3.080454703,7217.825397,-8.041047679,-8.041047679,7217.825397
262.25,2020,16.44929287,6772.769231,-8.126554148,-8.126554148,6772.769231
262.5,2020,19.82803142,6740.153846,-8.171733405,-8.171733405,6740.153846
263.25,2020,40.83561971,6627.063492,-7.539512513,-7.539512513,6627.063492
263.5,2020,17.85043162,6498.359375,-7.649791095,-7.649791095,6498.359375
264.25,2020,2.248855673,6321.134328,-7.812078951,-7.812078951,6321.134328
264.5,2020,3.969740643,6041.555556,-7.962364284,-7.962364284,6041.555556
265.25,2020,3.593426406,5794.921875,-8.139665948,-8.139665948,5794.921875
265.5,2020,3.732779794,5585.046154,-8.365548482,-8.365548482,5585.046154
266.25,2020,4.510132708,5529.365079,-8.589539829,-8.589539829,5529.365079
266.5,2020,3.58599995,5610.15625,-8.780599683,-8.780599683,5610.15625
267.25,2020,3.04849005,5796.203125,-8.95097485,-8.95097485,5796.203125
267.5,2020,5.267614889,6160.203125,-9.088860339,-9.088860339,6160.203125
268.25,2020,10.14451244,6911.238806,-9.235950657,-9.235950657,6911.238806
268.5,2020,8.831338327,7250.671875,-9.409474002,-9.409474002,7250.671875
269.25,2020,5.0744951,7461.209677,-9.541888452,-9.541888452,7461.209677
269.5,2020,6.114450905,7519.698413,-9.644418756,-9.644418756,7519.698413
270.25,2020,6.931701185,7375.615385,-9.673544805,-9.673544805,7375.615385
270.5,2020,11.72657452,7436.138462,-9.779912474,-9.779912474,7436.138462
271.25,2020,22.26215122,7640.090909,-9.956062153,-9.956062153,7640.090909
271.5,2020,31.16756822,8036.061538,-10.14604652,-10.14604652,8036.061538
272.25,2020,22.19731831,8769.641791,-10.06497649,-10.06497649,8769.641791
272.5,2020,8.757850878,9398.584615,-9.991881931,-9.991881931,9398.584615
273.25,2020,11.29043745,9826.234375,-9.951302559,-9.951302559,9826.234375
273.5,2020,7.207021185,10137.04615,-9.966415915,-9.966415915,10137.04615
274.25,2020,9.472522737,10087.02985,-10.02337099,-10.02337099,10087.02985
274.5,2020,7.8539698,9969.257576,-10.10144127,-10.10144127,9969.257576
275.25,2020,6.070433127,9947.15873,-10.21970671,-10.21970671,9947.15873
275.5,2020,8.062287486,9616.015385,-10.26978494,-10.26978494,9616.015385
276.25,2020,6.408851786,9420.349206,-10.22654299,-10.22654299,9420.349206
276.5,2020,1.823214179,10013.04478,-10.4991091,-10.4991091,10013.04478
277.25,2020,3.049486563,10946.44615,-10.81745046,-10.81745046,10946.44615
277.5,2020,6.814291843,12727.03077,-11.18559136,-11.18559136,12727.03077
278.25,2020,14.31094804,14074.26984,-11.5139365,-11.5139365,14074.26984
278.5,2020,9.342878791,17284.07576,-12.01367121,-12.01367121,17284.07576
279.25,2020,3.511579125,20609.43077,-12.43054309,-12.43054309,20609.43077
279.5,2020,2.417450362,22813,-12.62856158,-12.62856158,22813
280.25,2020,5.231702756,24155.87302,-12.59848419,-12.59848419,24155.87302
280.5,2020,4.355868533,25668.9697,-12.59177433,-12.59177433,25668.9697
281.25,2020,0.169600646,25688.72308,-12.43650624,-12.43650624,25688.72308
281.5,2020,5.447313333,25269.86364,-12.30829245,-12.30829245,25269.86364
282.25,2020,11.41177637,23926.89552,-12.14108356,-12.14108356,23926.89552
282.5,2020,6.5769949,24889.29412,-12.15606904,-12.15606904,24889.29412
283.25,2020,3.591253246,25005.12857,-12.08818278,-12.08818278,25005.12857
283.5,2020,0.7265005,24829.73438,-11.98525936,-11.98525936,24829.73438
284.25,2020,1.802064759,24645.66176,-11.86807647,-11.86807647,24645.66176
284.5,2020,5.072200523,23677.04286,-11.72967715,-11.72967715,23677.04286
285.25,2020,3.55001495,23123.22727,-11.68425458,-11.68425458,23123.22727
285.5,2020,1.274995,22992.90909,-11.74520003,-11.74520003,22992.90909
286.25,2020,0.8240752,23914.03077,-11.91460308,-11.91460308,23914.03077
286.5,2020,-2.61551,25079.54412,-12.03165146,-12.03165146,25079.54412
287.25,2020,15.8039067,29617.65625,-12.49526718,-12.49526718,29617.65625
287.5,2020,6.224452719,32927.25397,-12.96391903,-12.96391903,32927.25397
288.25,2020,0.604651531,32276.34483,-13.00150342,-13.00150342,32276.34483
288.5,2020,10.35124442,32146.8125,-13.06962915,-13.06962915,32146.8125
289.25,2020,21.53780426,32035.43902,-13.13823407,-13.13823407,32035.43902
289.5,2020,18.06189458,31082.5614,-13.18439465,-13.18439465,31082.5614
290.25,2020,-1.784422182,30611.0303,-13.14648021,-13.14648021,30611.0303
290.5,2020,-19.95519661,30720.2459,-13.25020646,-13.25020646,30720.2459
291.25,2020,-17.6149998,31053.64,-13.34592791,-13.34592791,31053.64
291.5,2020,-24.1170006,31315.94444,-13.40375538,-13.40375538,31315.94444
292.5,2020,-13.3219995,28413.64,-13.11407601,-13.11407601,28413.64
293.25,2020,-6.409829463,28584.76744,-13.18942093,-13.18942093,28584.76744
